<?xml version="1.0" encoding="UTF-8"?>
<point_cloud version="1.2.0">
  <tracks path="tracks.ply" count="66078"/>
  <points path="points.ply" count="55146"/>
  <projections camera_id="0" path="p0.ply" count="2092"/>
  <projections camera_id="1" path="p1.ply" count="4672"/>
  <projections camera_id="2" path="p2.ply" count="3996"/>
  <projections camera_id="3" path="p3.ply" count="2569"/>
  <projections camera_id="4" path="p4.ply" count="2776"/>
  <projections camera_id="5" path="p5.ply" count="2722"/>
  <projections camera_id="6" path="p6.ply" count="2741"/>
  <projections camera_id="7" path="p7.ply" count="2469"/>
  <projections camera_id="8" path="p8.ply" count="1589"/>
  <projections camera_id="9" path="p9.ply" count="1209"/>
  <projections camera_id="10" path="p10.ply" count="993"/>
  <projections camera_id="11" path="p11.ply" count="2073"/>
  <projections camera_id="12" path="p12.ply" count="2566"/>
  <projections camera_id="13" path="p13.ply" count="2358"/>
  <projections camera_id="14" path="p14.ply" count="3172"/>
  <projections camera_id="15" path="p15.ply" count="2889"/>
  <projections camera_id="16" path="p16.ply" count="2840"/>
  <projections camera_id="17" path="p17.ply" count="2495"/>
  <projections camera_id="18" path="p18.ply" count="1806"/>
  <projections camera_id="19" path="p19.ply" count="1899"/>
  <projections camera_id="20" path="p20.ply" count="3979"/>
  <projections camera_id="21" path="p21.ply" count="4004"/>
  <projections camera_id="22" path="p22.ply" count="1737"/>
  <projections camera_id="23" path="p23.ply" count="1621"/>
  <projections camera_id="24" path="p24.ply" count="1892"/>
  <projections camera_id="25" path="p25.ply" count="2418"/>
  <projections camera_id="26" path="p26.ply" count="2232"/>
  <projections camera_id="27" path="p27.ply" count="2668"/>
  <projections camera_id="28" path="p28.ply" count="3148"/>
  <projections camera_id="29" path="p29.ply" count="2259"/>
  <projections camera_id="30" path="p30.ply" count="3417"/>
  <projections camera_id="31" path="p31.ply" count="3534"/>
  <projections camera_id="32" path="p32.ply" count="4000"/>
  <projections camera_id="33" path="p33.ply" count="4028"/>
  <projections camera_id="34" path="p34.ply" count="3833"/>
  <projections camera_id="35" path="p35.ply" count="2460"/>
  <projections camera_id="36" path="p36.ply" count="2508"/>
  <projections camera_id="37" path="p37.ply" count="1210"/>
  <projections camera_id="38" path="p38.ply" count="1298"/>
  <projections camera_id="39" path="p39.ply" count="2824"/>
  <projections camera_id="40" path="p40.ply" count="1792"/>
  <projections camera_id="41" path="p41.ply" count="4128"/>
  <projections camera_id="42" path="p42.ply" count="4072"/>
  <projections camera_id="43" path="p43.ply" count="4141"/>
  <projections camera_id="44" path="p44.ply" count="4086"/>
  <projections camera_id="45" path="p45.ply" count="2906"/>
  <projections camera_id="46" path="p46.ply" count="1608"/>
  <projections camera_id="47" path="p47.ply" count="1534"/>
  <projections camera_id="48" path="p48.ply" count="1621"/>
  <projections camera_id="49" path="p49.ply" count="2193"/>
  <projections camera_id="50" path="p50.ply" count="1411"/>
  <projections camera_id="51" path="p51.ply" count="3079"/>
  <projections camera_id="52" path="p52.ply" count="3549"/>
  <projections camera_id="53" path="p53.ply" count="4040"/>
  <projections camera_id="54" path="p54.ply" count="2505"/>
  <projections camera_id="55" path="p55.ply" count="1981"/>
  <projections camera_id="56" path="p56.ply" count="2934"/>
  <projections camera_id="57" path="p57.ply" count="2129"/>
  <projections camera_id="58" path="p58.ply" count="4152"/>
  <projections camera_id="59" path="p59.ply" count="2961"/>
  <projections camera_id="60" path="p60.ply" count="3989"/>
  <projections camera_id="61" path="p61.ply" count="3552"/>
  <projections camera_id="62" path="p62.ply" count="2886"/>
  <projections camera_id="63" path="p63.ply" count="2389"/>
  <projections camera_id="64" path="p64.ply" count="1658"/>
  <projections camera_id="65" path="p65.ply" count="2913"/>
  <projections camera_id="66" path="p66.ply" count="4611"/>
  <projections camera_id="67" path="p67.ply" count="4924"/>
  <projections camera_id="68" path="p68.ply" count="4293"/>
  <projections camera_id="69" path="p69.ply" count="5822"/>
  <projections camera_id="70" path="p70.ply" count="3985"/>
  <projections camera_id="71" path="p71.ply" count="1128"/>
  <projections camera_id="72" path="p72.ply" count="2701"/>
  <projections camera_id="73" path="p73.ply" count="1550"/>
  <meta>
    <property name="match/duration" value="467.607"/>
    <property name="match/match_downscale" value="2"/>
    <property name="match/match_filter_mask" value="false"/>
    <property name="match/match_point_limit" value="40000"/>
    <property name="match/match_select_pairs" value="0"/>
    <property name="match/match_tiepoint_limit" value="4000"/>
  </meta>
</point_cloud>
