<?xml version="1.0" encoding="UTF-8"?>
<point_cloud version="1.2.0">
  <tracks path="tracks.ply" count="228899"/>
  <points path="points.ply" count="190192"/>
  <projections camera_id="0" path="p0.ply" count="3986"/>
  <projections camera_id="1" path="p1.ply" count="4154"/>
  <projections camera_id="2" path="p2.ply" count="3964"/>
  <projections camera_id="3" path="p3.ply" count="4053"/>
  <projections camera_id="4" path="p4.ply" count="4048"/>
  <projections camera_id="5" path="p5.ply" count="4078"/>
  <projections camera_id="6" path="p6.ply" count="4044"/>
  <projections camera_id="7" path="p7.ply" count="4004"/>
  <projections camera_id="8" path="p8.ply" count="3981"/>
  <projections camera_id="9" path="p9.ply" count="4043"/>
  <projections camera_id="10" path="p10.ply" count="4067"/>
  <projections camera_id="11" path="p11.ply" count="4071"/>
  <projections camera_id="12" path="p12.ply" count="3989"/>
  <projections camera_id="13" path="p13.ply" count="4053"/>
  <projections camera_id="14" path="p14.ply" count="4002"/>
  <projections camera_id="15" path="p15.ply" count="3871"/>
  <projections camera_id="16" path="p16.ply" count="3469"/>
  <projections camera_id="17" path="p17.ply" count="3577"/>
  <projections camera_id="18" path="p18.ply" count="3934"/>
  <projections camera_id="19" path="p19.ply" count="4117"/>
  <projections camera_id="20" path="p20.ply" count="4178"/>
  <projections camera_id="21" path="p21.ply" count="4072"/>
  <projections camera_id="22" path="p22.ply" count="2424"/>
  <projections camera_id="23" path="p23.ply" count="3946"/>
  <projections camera_id="24" path="p24.ply" count="4000"/>
  <projections camera_id="25" path="p25.ply" count="4187"/>
  <projections camera_id="26" path="p26.ply" count="4070"/>
  <projections camera_id="27" path="p27.ply" count="4105"/>
  <projections camera_id="28" path="p28.ply" count="4006"/>
  <projections camera_id="29" path="p29.ply" count="4127"/>
  <projections camera_id="30" path="p30.ply" count="4045"/>
  <projections camera_id="31" path="p31.ply" count="4060"/>
  <projections camera_id="32" path="p32.ply" count="4017"/>
  <projections camera_id="33" path="p33.ply" count="3877"/>
  <projections camera_id="34" path="p34.ply" count="4021"/>
  <projections camera_id="35" path="p35.ply" count="4011"/>
  <projections camera_id="36" path="p36.ply" count="4014"/>
  <projections camera_id="37" path="p37.ply" count="4039"/>
  <projections camera_id="38" path="p38.ply" count="4007"/>
  <projections camera_id="39" path="p39.ply" count="4001"/>
  <projections camera_id="40" path="p40.ply" count="3989"/>
  <projections camera_id="41" path="p41.ply" count="3877"/>
  <projections camera_id="42" path="p42.ply" count="3854"/>
  <projections camera_id="43" path="p43.ply" count="4003"/>
  <projections camera_id="44" path="p44.ply" count="3924"/>
  <projections camera_id="45" path="p45.ply" count="3292"/>
  <projections camera_id="46" path="p46.ply" count="3787"/>
  <projections camera_id="47" path="p47.ply" count="3841"/>
  <projections camera_id="48" path="p48.ply" count="3668"/>
  <projections camera_id="49" path="p49.ply" count="2930"/>
  <projections camera_id="50" path="p50.ply" count="2435"/>
  <projections camera_id="51" path="p51.ply" count="2561"/>
  <projections camera_id="52" path="p52.ply" count="2263"/>
  <projections camera_id="53" path="p53.ply" count="2177"/>
  <projections camera_id="54" path="p54.ply" count="1949"/>
  <projections camera_id="55" path="p55.ply" count="1588"/>
  <projections camera_id="56" path="p56.ply" count="1964"/>
  <projections camera_id="57" path="p57.ply" count="2189"/>
  <projections camera_id="58" path="p58.ply" count="2189"/>
  <projections camera_id="59" path="p59.ply" count="2425"/>
  <projections camera_id="60" path="p60.ply" count="2913"/>
  <projections camera_id="61" path="p61.ply" count="2968"/>
  <projections camera_id="62" path="p62.ply" count="2725"/>
  <projections camera_id="63" path="p63.ply" count="2948"/>
  <projections camera_id="64" path="p64.ply" count="2366"/>
  <projections camera_id="65" path="p65.ply" count="2596"/>
  <projections camera_id="66" path="p66.ply" count="2863"/>
  <projections camera_id="67" path="p67.ply" count="3025"/>
  <projections camera_id="68" path="p68.ply" count="3357"/>
  <projections camera_id="69" path="p69.ply" count="3502"/>
  <projections camera_id="70" path="p70.ply" count="4051"/>
  <projections camera_id="71" path="p71.ply" count="3977"/>
  <projections camera_id="72" path="p72.ply" count="3770"/>
  <projections camera_id="73" path="p73.ply" count="4008"/>
  <projections camera_id="74" path="p74.ply" count="3996"/>
  <projections camera_id="75" path="p75.ply" count="4012"/>
  <projections camera_id="76" path="p76.ply" count="3946"/>
  <projections camera_id="77" path="p77.ply" count="3342"/>
  <projections camera_id="78" path="p78.ply" count="3442"/>
  <projections camera_id="79" path="p79.ply" count="3388"/>
  <projections camera_id="80" path="p80.ply" count="3594"/>
  <projections camera_id="81" path="p81.ply" count="3283"/>
  <projections camera_id="82" path="p82.ply" count="2401"/>
  <projections camera_id="83" path="p83.ply" count="3072"/>
  <projections camera_id="84" path="p84.ply" count="3619"/>
  <projections camera_id="85" path="p85.ply" count="3095"/>
  <projections camera_id="86" path="p86.ply" count="2754"/>
  <projections camera_id="87" path="p87.ply" count="2298"/>
  <projections camera_id="88" path="p88.ply" count="2569"/>
  <projections camera_id="89" path="p89.ply" count="3163"/>
  <projections camera_id="90" path="p90.ply" count="3022"/>
  <projections camera_id="91" path="p91.ply" count="2864"/>
  <projections camera_id="92" path="p92.ply" count="2616"/>
  <projections camera_id="93" path="p93.ply" count="2224"/>
  <projections camera_id="94" path="p94.ply" count="3172"/>
  <projections camera_id="95" path="p95.ply" count="3333"/>
  <projections camera_id="96" path="p96.ply" count="2874"/>
  <projections camera_id="97" path="p97.ply" count="3418"/>
  <projections camera_id="98" path="p98.ply" count="3348"/>
  <projections camera_id="99" path="p99.ply" count="3133"/>
  <projections camera_id="100" path="p100.ply" count="2919"/>
  <projections camera_id="101" path="p101.ply" count="2866"/>
  <projections camera_id="102" path="p102.ply" count="4088"/>
  <projections camera_id="103" path="p103.ply" count="3941"/>
  <projections camera_id="104" path="p104.ply" count="3001"/>
  <projections camera_id="105" path="p105.ply" count="2917"/>
  <projections camera_id="106" path="p106.ply" count="2966"/>
  <projections camera_id="107" path="p107.ply" count="3522"/>
  <projections camera_id="108" path="p108.ply" count="2843"/>
  <projections camera_id="109" path="p109.ply" count="2095"/>
  <projections camera_id="110" path="p110.ply" count="3096"/>
  <projections camera_id="111" path="p111.ply" count="3891"/>
  <projections camera_id="112" path="p112.ply" count="3498"/>
  <projections camera_id="113" path="p113.ply" count="3567"/>
  <projections camera_id="114" path="p114.ply" count="3850"/>
  <projections camera_id="115" path="p115.ply" count="2735"/>
  <projections camera_id="116" path="p116.ply" count="2140"/>
  <projections camera_id="117" path="p117.ply" count="2018"/>
  <projections camera_id="118" path="p118.ply" count="1991"/>
  <projections camera_id="119" path="p119.ply" count="1385"/>
  <projections camera_id="120" path="p120.ply" count="2616"/>
  <projections camera_id="121" path="p121.ply" count="2543"/>
  <projections camera_id="122" path="p122.ply" count="3241"/>
  <projections camera_id="123" path="p123.ply" count="3398"/>
  <projections camera_id="124" path="p124.ply" count="1813"/>
  <projections camera_id="125" path="p125.ply" count="2317"/>
  <projections camera_id="126" path="p126.ply" count="2228"/>
  <projections camera_id="127" path="p127.ply" count="2674"/>
  <projections camera_id="128" path="p128.ply" count="2682"/>
  <projections camera_id="129" path="p129.ply" count="3241"/>
  <projections camera_id="130" path="p130.ply" count="3750"/>
  <projections camera_id="131" path="p131.ply" count="3553"/>
  <projections camera_id="132" path="p132.ply" count="3516"/>
  <projections camera_id="133" path="p133.ply" count="3839"/>
  <projections camera_id="134" path="p134.ply" count="4016"/>
  <projections camera_id="135" path="p135.ply" count="4091"/>
  <projections camera_id="136" path="p136.ply" count="4031"/>
  <projections camera_id="137" path="p137.ply" count="3980"/>
  <projections camera_id="138" path="p138.ply" count="3994"/>
  <projections camera_id="139" path="p139.ply" count="4094"/>
  <projections camera_id="140" path="p140.ply" count="4036"/>
  <projections camera_id="141" path="p141.ply" count="4011"/>
  <projections camera_id="142" path="p142.ply" count="4046"/>
  <projections camera_id="143" path="p143.ply" count="3561"/>
  <projections camera_id="144" path="p144.ply" count="3981"/>
  <projections camera_id="145" path="p145.ply" count="4961"/>
  <projections camera_id="146" path="p146.ply" count="4011"/>
  <projections camera_id="147" path="p147.ply" count="4042"/>
  <projections camera_id="148" path="p148.ply" count="4229"/>
  <projections camera_id="149" path="p149.ply" count="4158"/>
  <projections camera_id="150" path="p150.ply" count="4006"/>
  <projections camera_id="151" path="p151.ply" count="3987"/>
  <projections camera_id="152" path="p152.ply" count="3989"/>
  <projections camera_id="153" path="p153.ply" count="4149"/>
  <projections camera_id="154" path="p154.ply" count="4085"/>
  <projections camera_id="155" path="p155.ply" count="4043"/>
  <projections camera_id="156" path="p156.ply" count="4061"/>
  <projections camera_id="157" path="p157.ply" count="4043"/>
  <projections camera_id="158" path="p158.ply" count="4035"/>
  <projections camera_id="159" path="p159.ply" count="3982"/>
  <projections camera_id="160" path="p160.ply" count="4107"/>
  <projections camera_id="161" path="p161.ply" count="4097"/>
  <projections camera_id="162" path="p162.ply" count="4057"/>
  <projections camera_id="163" path="p163.ply" count="4036"/>
  <projections camera_id="164" path="p164.ply" count="3873"/>
  <projections camera_id="165" path="p165.ply" count="4081"/>
  <projections camera_id="166" path="p166.ply" count="3993"/>
  <projections camera_id="167" path="p167.ply" count="4097"/>
  <projections camera_id="168" path="p168.ply" count="3673"/>
  <projections camera_id="169" path="p169.ply" count="4252"/>
  <projections camera_id="170" path="p170.ply" count="3991"/>
  <projections camera_id="171" path="p171.ply" count="3818"/>
  <projections camera_id="172" path="p172.ply" count="3369"/>
  <projections camera_id="173" path="p173.ply" count="3726"/>
  <projections camera_id="174" path="p174.ply" count="2846"/>
  <projections camera_id="175" path="p175.ply" count="3066"/>
  <projections camera_id="176" path="p176.ply" count="3426"/>
  <projections camera_id="177" path="p177.ply" count="2862"/>
  <projections camera_id="178" path="p178.ply" count="3196"/>
  <projections camera_id="179" path="p179.ply" count="3536"/>
  <projections camera_id="180" path="p180.ply" count="2916"/>
  <projections camera_id="181" path="p181.ply" count="2585"/>
  <projections camera_id="182" path="p182.ply" count="2938"/>
  <projections camera_id="183" path="p183.ply" count="3376"/>
  <projections camera_id="184" path="p184.ply" count="3338"/>
  <projections camera_id="185" path="p185.ply" count="4079"/>
  <projections camera_id="186" path="p186.ply" count="3978"/>
  <projections camera_id="187" path="p187.ply" count="3400"/>
  <projections camera_id="188" path="p188.ply" count="2788"/>
  <projections camera_id="189" path="p189.ply" count="2753"/>
  <projections camera_id="190" path="p190.ply" count="3064"/>
  <projections camera_id="191" path="p191.ply" count="3525"/>
  <projections camera_id="192" path="p192.ply" count="4005"/>
  <projections camera_id="193" path="p193.ply" count="4013"/>
  <projections camera_id="194" path="p194.ply" count="4055"/>
  <projections camera_id="195" path="p195.ply" count="4010"/>
  <projections camera_id="196" path="p196.ply" count="3989"/>
  <projections camera_id="197" path="p197.ply" count="4126"/>
  <projections camera_id="198" path="p198.ply" count="3885"/>
  <projections camera_id="199" path="p199.ply" count="3671"/>
  <projections camera_id="200" path="p200.ply" count="3459"/>
  <projections camera_id="201" path="p201.ply" count="3346"/>
  <projections camera_id="202" path="p202.ply" count="3421"/>
  <projections camera_id="203" path="p203.ply" count="3357"/>
  <projections camera_id="204" path="p204.ply" count="3366"/>
  <projections camera_id="205" path="p205.ply" count="3454"/>
  <projections camera_id="206" path="p206.ply" count="3457"/>
  <projections camera_id="207" path="p207.ply" count="3454"/>
  <projections camera_id="208" path="p208.ply" count="2602"/>
  <projections camera_id="209" path="p209.ply" count="2947"/>
  <projections camera_id="210" path="p210.ply" count="3997"/>
  <projections camera_id="211" path="p211.ply" count="4042"/>
  <projections camera_id="212" path="p212.ply" count="3889"/>
  <projections camera_id="213" path="p213.ply" count="3974"/>
  <projections camera_id="214" path="p214.ply" count="3992"/>
  <projections camera_id="215" path="p215.ply" count="4496"/>
  <projections camera_id="216" path="p216.ply" count="3769"/>
  <projections camera_id="217" path="p217.ply" count="4012"/>
  <projections camera_id="218" path="p218.ply" count="3996"/>
  <projections camera_id="219" path="p219.ply" count="3997"/>
  <projections camera_id="220" path="p220.ply" count="3977"/>
  <projections camera_id="221" path="p221.ply" count="3033"/>
  <projections camera_id="222" path="p222.ply" count="3040"/>
  <projections camera_id="223" path="p223.ply" count="3219"/>
  <projections camera_id="224" path="p224.ply" count="4018"/>
  <projections camera_id="225" path="p225.ply" count="4018"/>
  <projections camera_id="226" path="p226.ply" count="2904"/>
  <meta>
    <property name="match/duration" value="2654.917"/>
    <property name="match/match_downscale" value="2"/>
    <property name="match/match_filter_mask" value="false"/>
    <property name="match/match_point_limit" value="40000"/>
    <property name="match/match_select_pairs" value="0"/>
    <property name="match/match_tiepoint_limit" value="4000"/>
  </meta>
</point_cloud>
