<?xml version="1.0" encoding="UTF-8"?>
<point_cloud version="1.2.0">
  <tracks path="tracks.ply" count="70472"/>
  <points path="points.ply" count="60115"/>
  <projections camera_id="0" path="p0.ply" count="4253"/>
  <projections camera_id="1" path="p1.ply" count="4346"/>
  <projections camera_id="2" path="p2.ply" count="5095"/>
  <projections camera_id="3" path="p3.ply" count="4732"/>
  <projections camera_id="4" path="p4.ply" count="5075"/>
  <projections camera_id="5" path="p5.ply" count="4657"/>
  <projections camera_id="6" path="p6.ply" count="5353"/>
  <projections camera_id="7" path="p7.ply" count="4400"/>
  <projections camera_id="8" path="p8.ply" count="4707"/>
  <projections camera_id="9" path="p9.ply" count="4594"/>
  <projections camera_id="10" path="p10.ply" count="4520"/>
  <projections camera_id="11" path="p11.ply" count="4596"/>
  <projections camera_id="12" path="p12.ply" count="4257"/>
  <projections camera_id="13" path="p13.ply" count="4539"/>
  <projections camera_id="14" path="p14.ply" count="4085"/>
  <projections camera_id="15" path="p15.ply" count="4090"/>
  <projections camera_id="16" path="p16.ply" count="4348"/>
  <projections camera_id="17" path="p17.ply" count="4656"/>
  <projections camera_id="18" path="p18.ply" count="4440"/>
  <projections camera_id="19" path="p19.ply" count="4217"/>
  <projections camera_id="20" path="p20.ply" count="4099"/>
  <projections camera_id="21" path="p21.ply" count="4068"/>
  <projections camera_id="22" path="p22.ply" count="4512"/>
  <projections camera_id="23" path="p23.ply" count="4312"/>
  <projections camera_id="24" path="p24.ply" count="4250"/>
  <projections camera_id="25" path="p25.ply" count="4251"/>
  <projections camera_id="26" path="p26.ply" count="4584"/>
  <projections camera_id="27" path="p27.ply" count="4264"/>
  <projections camera_id="28" path="p28.ply" count="4292"/>
  <projections camera_id="29" path="p29.ply" count="4645"/>
  <projections camera_id="30" path="p30.ply" count="4496"/>
  <projections camera_id="31" path="p31.ply" count="4900"/>
  <projections camera_id="32" path="p32.ply" count="4854"/>
  <projections camera_id="33" path="p33.ply" count="4935"/>
  <projections camera_id="34" path="p34.ply" count="4932"/>
  <projections camera_id="35" path="p35.ply" count="5030"/>
  <projections camera_id="36" path="p36.ply" count="4902"/>
  <projections camera_id="37" path="p37.ply" count="4558"/>
  <projections camera_id="38" path="p38.ply" count="4468"/>
  <projections camera_id="39" path="p39.ply" count="4746"/>
  <projections camera_id="40" path="p40.ply" count="4718"/>
  <projections camera_id="41" path="p41.ply" count="4710"/>
  <projections camera_id="42" path="p42.ply" count="5480"/>
  <projections camera_id="43" path="p43.ply" count="4684"/>
  <projections camera_id="44" path="p44.ply" count="4487"/>
  <projections camera_id="45" path="p45.ply" count="5859"/>
  <projections camera_id="46" path="p46.ply" count="5425"/>
  <projections camera_id="47" path="p47.ply" count="4090"/>
  <projections camera_id="48" path="p48.ply" count="4122"/>
  <projections camera_id="49" path="p49.ply" count="4690"/>
  <projections camera_id="50" path="p50.ply" count="4760"/>
  <projections camera_id="51" path="p51.ply" count="4203"/>
  <projections camera_id="52" path="p52.ply" count="4333"/>
  <projections camera_id="53" path="p53.ply" count="4649"/>
  <projections camera_id="54" path="p54.ply" count="4221"/>
  <projections camera_id="55" path="p55.ply" count="4034"/>
  <projections camera_id="56" path="p56.ply" count="6408"/>
  <projections camera_id="57" path="p57.ply" count="4328"/>
  <projections camera_id="58" path="p58.ply" count="5954"/>
  <projections camera_id="59" path="p59.ply" count="4833"/>
  <projections camera_id="60" path="p60.ply" count="4315"/>
  <projections camera_id="61" path="p61.ply" count="6962"/>
  <projections camera_id="62" path="p62.ply" count="6569"/>
  <projections camera_id="63" path="p63.ply" count="4733"/>
  <projections camera_id="64" path="p64.ply" count="4789"/>
  <projections camera_id="65" path="p65.ply" count="4053"/>
  <projections camera_id="66" path="p66.ply" count="4121"/>
  <projections camera_id="67" path="p67.ply" count="4016"/>
  <projections camera_id="68" path="p68.ply" count="4103"/>
  <projections camera_id="69" path="p69.ply" count="4591"/>
  <projections camera_id="70" path="p70.ply" count="4301"/>
  <projections camera_id="71" path="p71.ply" count="4194"/>
  <projections camera_id="72" path="p72.ply" count="4026"/>
  <projections camera_id="73" path="p73.ply" count="4080"/>
  <projections camera_id="74" path="p74.ply" count="4585"/>
  <projections camera_id="75" path="p75.ply" count="4182"/>
  <projections camera_id="76" path="p76.ply" count="5463"/>
  <projections camera_id="77" path="p77.ply" count="4125"/>
  <projections camera_id="78" path="p78.ply" count="6072"/>
  <projections camera_id="79" path="p79.ply" count="3881"/>
  <projections camera_id="80" path="p80.ply" count="4181"/>
  <projections camera_id="81" path="p81.ply" count="3489"/>
  <projections camera_id="82" path="p82.ply" count="5142"/>
  <projections camera_id="83" path="p83.ply" count="4619"/>
  <projections camera_id="84" path="p84.ply" count="4624"/>
  <projections camera_id="85" path="p85.ply" count="4640"/>
  <projections camera_id="86" path="p86.ply" count="4591"/>
  <projections camera_id="87" path="p87.ply" count="5247"/>
  <projections camera_id="88" path="p88.ply" count="5027"/>
  <projections camera_id="89" path="p89.ply" count="6149"/>
  <projections camera_id="90" path="p90.ply" count="5043"/>
  <projections camera_id="91" path="p91.ply" count="4778"/>
  <projections camera_id="92" path="p92.ply" count="4436"/>
  <projections camera_id="93" path="p93.ply" count="6363"/>
  <projections camera_id="94" path="p94.ply" count="5046"/>
  <projections camera_id="95" path="p95.ply" count="4351"/>
  <projections camera_id="96" path="p96.ply" count="4804"/>
  <projections camera_id="97" path="p97.ply" count="4514"/>
  <meta>
    <property name="match/duration" value="956.178"/>
    <property name="match/match_downscale" value="2"/>
    <property name="match/match_filter_mask" value="false"/>
    <property name="match/match_point_limit" value="40000"/>
    <property name="match/match_select_pairs" value="0"/>
    <property name="match/match_tiepoint_limit" value="4000"/>
  </meta>
</point_cloud>
