<?xml version="1.0" encoding="UTF-8"?>
<point_cloud version="1.2.0">
  <tracks path="tracks.ply" count="111467"/>
  <points path="points.ply" count="80593"/>
  <projections camera_id="0" path="p0.ply" count="4038"/>
  <projections camera_id="1" path="p1.ply" count="4029"/>
  <projections camera_id="2" path="p2.ply" count="4240"/>
  <projections camera_id="3" path="p3.ply" count="4257"/>
  <projections camera_id="4" path="p4.ply" count="4262"/>
  <projections camera_id="5" path="p5.ply" count="4312"/>
  <projections camera_id="6" path="p6.ply" count="4304"/>
  <projections camera_id="7" path="p7.ply" count="4397"/>
  <projections camera_id="8" path="p8.ply" count="4296"/>
  <projections camera_id="9" path="p9.ply" count="4598"/>
  <projections camera_id="10" path="p10.ply" count="4259"/>
  <projections camera_id="11" path="p11.ply" count="4339"/>
  <projections camera_id="12" path="p12.ply" count="4017"/>
  <projections camera_id="13" path="p13.ply" count="4023"/>
  <projections camera_id="14" path="p14.ply" count="4173"/>
  <projections camera_id="15" path="p15.ply" count="4281"/>
  <projections camera_id="16" path="p16.ply" count="4177"/>
  <projections camera_id="17" path="p17.ply" count="3996"/>
  <projections camera_id="18" path="p18.ply" count="4485"/>
  <projections camera_id="19" path="p19.ply" count="3962"/>
  <projections camera_id="20" path="p20.ply" count="4711"/>
  <projections camera_id="21" path="p21.ply" count="4231"/>
  <projections camera_id="22" path="p22.ply" count="4217"/>
  <projections camera_id="23" path="p23.ply" count="4204"/>
  <projections camera_id="24" path="p24.ply" count="4141"/>
  <projections camera_id="25" path="p25.ply" count="4236"/>
  <projections camera_id="26" path="p26.ply" count="4161"/>
  <projections camera_id="27" path="p27.ply" count="4159"/>
  <projections camera_id="28" path="p28.ply" count="3818"/>
  <projections camera_id="29" path="p29.ply" count="4283"/>
  <projections camera_id="30" path="p30.ply" count="4038"/>
  <projections camera_id="31" path="p31.ply" count="4024"/>
  <projections camera_id="32" path="p32.ply" count="4050"/>
  <projections camera_id="33" path="p33.ply" count="4347"/>
  <projections camera_id="34" path="p34.ply" count="4074"/>
  <projections camera_id="35" path="p35.ply" count="4013"/>
  <projections camera_id="36" path="p36.ply" count="4128"/>
  <projections camera_id="37" path="p37.ply" count="4080"/>
  <projections camera_id="38" path="p38.ply" count="4264"/>
  <projections camera_id="39" path="p39.ply" count="4197"/>
  <projections camera_id="40" path="p40.ply" count="4199"/>
  <projections camera_id="41" path="p41.ply" count="4096"/>
  <projections camera_id="42" path="p42.ply" count="4042"/>
  <projections camera_id="43" path="p43.ply" count="4119"/>
  <projections camera_id="44" path="p44.ply" count="4129"/>
  <projections camera_id="45" path="p45.ply" count="4088"/>
  <projections camera_id="46" path="p46.ply" count="4174"/>
  <projections camera_id="47" path="p47.ply" count="4177"/>
  <projections camera_id="48" path="p48.ply" count="4164"/>
  <projections camera_id="49" path="p49.ply" count="4028"/>
  <projections camera_id="50" path="p50.ply" count="4073"/>
  <projections camera_id="51" path="p51.ply" count="4011"/>
  <projections camera_id="52" path="p52.ply" count="4028"/>
  <projections camera_id="53" path="p53.ply" count="3912"/>
  <projections camera_id="54" path="p54.ply" count="4289"/>
  <projections camera_id="55" path="p55.ply" count="4552"/>
  <projections camera_id="56" path="p56.ply" count="4292"/>
  <projections camera_id="57" path="p57.ply" count="4286"/>
  <projections camera_id="58" path="p58.ply" count="4037"/>
  <projections camera_id="59" path="p59.ply" count="4158"/>
  <projections camera_id="60" path="p60.ply" count="4046"/>
  <projections camera_id="61" path="p61.ply" count="4099"/>
  <projections camera_id="62" path="p62.ply" count="4205"/>
  <projections camera_id="63" path="p63.ply" count="4286"/>
  <projections camera_id="64" path="p64.ply" count="4197"/>
  <projections camera_id="65" path="p65.ply" count="4041"/>
  <projections camera_id="66" path="p66.ply" count="4024"/>
  <projections camera_id="67" path="p67.ply" count="4181"/>
  <projections camera_id="68" path="p68.ply" count="4215"/>
  <projections camera_id="69" path="p69.ply" count="4480"/>
  <projections camera_id="70" path="p70.ply" count="4413"/>
  <projections camera_id="71" path="p71.ply" count="4569"/>
  <projections camera_id="72" path="p72.ply" count="4251"/>
  <projections camera_id="73" path="p73.ply" count="4243"/>
  <projections camera_id="74" path="p74.ply" count="4086"/>
  <projections camera_id="75" path="p75.ply" count="4055"/>
  <projections camera_id="76" path="p76.ply" count="4227"/>
  <projections camera_id="77" path="p77.ply" count="4068"/>
  <projections camera_id="78" path="p78.ply" count="4029"/>
  <projections camera_id="79" path="p79.ply" count="4002"/>
  <projections camera_id="80" path="p80.ply" count="4016"/>
  <projections camera_id="81" path="p81.ply" count="3985"/>
  <projections camera_id="82" path="p82.ply" count="4007"/>
  <projections camera_id="83" path="p83.ply" count="3981"/>
  <projections camera_id="84" path="p84.ply" count="3998"/>
  <projections camera_id="85" path="p85.ply" count="4021"/>
  <projections camera_id="86" path="p86.ply" count="4044"/>
  <projections camera_id="87" path="p87.ply" count="4054"/>
  <projections camera_id="88" path="p88.ply" count="4438"/>
  <projections camera_id="89" path="p89.ply" count="4450"/>
  <projections camera_id="90" path="p90.ply" count="4294"/>
  <projections camera_id="91" path="p91.ply" count="4233"/>
  <projections camera_id="92" path="p92.ply" count="4216"/>
  <projections camera_id="93" path="p93.ply" count="4168"/>
  <projections camera_id="94" path="p94.ply" count="4074"/>
  <projections camera_id="95" path="p95.ply" count="4473"/>
  <projections camera_id="96" path="p96.ply" count="4007"/>
  <projections camera_id="97" path="p97.ply" count="4195"/>
  <projections camera_id="98" path="p98.ply" count="4137"/>
  <projections camera_id="99" path="p99.ply" count="4005"/>
  <projections camera_id="100" path="p100.ply" count="4099"/>
  <projections camera_id="101" path="p101.ply" count="4064"/>
  <projections camera_id="102" path="p102.ply" count="4006"/>
  <projections camera_id="103" path="p103.ply" count="4046"/>
  <projections camera_id="104" path="p104.ply" count="4056"/>
  <projections camera_id="105" path="p105.ply" count="4028"/>
  <projections camera_id="106" path="p106.ply" count="4034"/>
  <projections camera_id="107" path="p107.ply" count="4476"/>
  <projections camera_id="108" path="p108.ply" count="4367"/>
  <projections camera_id="109" path="p109.ply" count="4148"/>
  <projections camera_id="110" path="p110.ply" count="4196"/>
  <projections camera_id="111" path="p111.ply" count="4176"/>
  <projections camera_id="112" path="p112.ply" count="4095"/>
  <projections camera_id="113" path="p113.ply" count="4040"/>
  <projections camera_id="114" path="p114.ply" count="4039"/>
  <projections camera_id="115" path="p115.ply" count="4081"/>
  <projections camera_id="116" path="p116.ply" count="4150"/>
  <projections camera_id="117" path="p117.ply" count="4035"/>
  <projections camera_id="118" path="p118.ply" count="4102"/>
  <projections camera_id="119" path="p119.ply" count="4193"/>
  <projections camera_id="120" path="p120.ply" count="4306"/>
  <projections camera_id="121" path="p121.ply" count="4208"/>
  <projections camera_id="122" path="p122.ply" count="4002"/>
  <projections camera_id="123" path="p123.ply" count="3450"/>
  <projections camera_id="124" path="p124.ply" count="4008"/>
  <projections camera_id="125" path="p125.ply" count="3680"/>
  <projections camera_id="126" path="p126.ply" count="4028"/>
  <meta>
    <property name="match/duration" value="971.942"/>
    <property name="match/match_downscale" value="2"/>
    <property name="match/match_filter_mask" value="false"/>
    <property name="match/match_point_limit" value="40000"/>
    <property name="match/match_select_pairs" value="0"/>
    <property name="match/match_tiepoint_limit" value="4000"/>
  </meta>
</point_cloud>
