<?xml version="1.0" encoding="UTF-8"?>
<model version="1.2.0">
  <mesh path="mesh.ply">
    <faceCount>177210</faceCount>
    <vertexCount>90192</vertexCount>
    <hasVertexColors>true</hasVertexColors>
    <hasUV>false</hasUV>
  </mesh>
  <meta>
    <property name="model/depth_downscale" value="8"/>
    <property name="model/depth_filter_mode" value="2"/>
    <property name="model/duration" value="120.603"/>
    <property name="model/mesh_face_count" value="177211"/>
    <property name="model/mesh_interpolation" value="1"/>
    <property name="model/mesh_object_type" value="0"/>
    <property name="model/mesh_source_data" value="1"/>
    <property name="model/resolution" value="0.0282893054873545"/>
  </meta>
</model>
