<?xml version="1.0" encoding="UTF-8"?>
<model version="1.2.0">
  <mesh path="mesh.ply">
    <faceCount>59635</faceCount>
    <vertexCount>29946</vertexCount>
    <hasVertexColors>true</hasVertexColors>
    <hasUV>true</hasUV>
  </mesh>
  <texture path="texture.png"/>
  <meta>
    <property name="atlas/atlas_blend_mode" value="3"/>
    <property name="atlas/atlas_count" value="1"/>
    <property name="atlas/atlas_height" value="4096"/>
    <property name="atlas/atlas_mapping_mode" value="1"/>
    <property name="atlas/atlas_width" value="4096"/>
    <property name="atlas/duration_blend" value="76.734"/>
    <property name="atlas/duration_uv" value="33.222"/>
    <property name="model/depth_downscale" value="8"/>
    <property name="model/depth_filter_mode" value="2"/>
    <property name="model/duration" value="54.35"/>
    <property name="model/mesh_face_count" value="96356"/>
    <property name="model/mesh_interpolation" value="1"/>
    <property name="model/mesh_object_type" value="0"/>
    <property name="model/mesh_source_data" value="1"/>
    <property name="model/resolution" value="0.029344962074752"/>
  </meta>
</model>
