<?xml version="1.0" encoding="UTF-8"?>
<frame>
  <cameras>
    <camera camera_id="0">
      <photo path="D:/emmm/新建文件夹 (6)/IMG_20180630_171022.jpg">
        <meta>
          <property name="Exif/ApertureValue" value="2.27"/>
          <property name="Exif/DateTime" value="2018:06:30 17:10:22"/>
          <property name="Exif/DateTimeOriginal" value="2018:06:30 17:10:22"/>
          <property name="Exif/ExposureTime" value="0.05"/>
          <property name="Exif/FNumber" value="2.2"/>
          <property name="Exif/FocalLength" value="3.8"/>
          <property name="Exif/FocalLengthIn35mmFilm" value="0"/>
          <property name="Exif/ISOSpeedRatings" value="800"/>
          <property name="Exif/Make" value="HUAWEI"/>
          <property name="Exif/Model" value="HUAWEI CAZ-AL10"/>
          <property name="Exif/ShutterSpeedValue" value="4.321"/>
          <property name="File/ImageHeight" value="3016"/>
          <property name="File/ImageWidth" value="4032"/>
          <property name="System/FileModifyDate" value="2018:06:30 17:10:23"/>
          <property name="System/FileSize" value="3313203"/>
        </meta>
      </photo>
    </camera>
    <camera camera_id="1">
      <photo path="D:/emmm/新建文件夹 (6)/IMG_20180630_171028.jpg">
        <meta>
          <property name="Exif/ApertureValue" value="2.27"/>
          <property name="Exif/DateTime" value="2018:06:30 17:10:28"/>
          <property name="Exif/DateTimeOriginal" value="2018:06:30 17:10:28"/>
          <property name="Exif/ExposureTime" value="0.0588235294117647"/>
          <property name="Exif/FNumber" value="2.2"/>
          <property name="Exif/FocalLength" value="3.8"/>
          <property name="Exif/FocalLengthIn35mmFilm" value="0"/>
          <property name="Exif/ISOSpeedRatings" value="800"/>
          <property name="Exif/Make" value="HUAWEI"/>
          <property name="Exif/Model" value="HUAWEI CAZ-AL10"/>
          <property name="Exif/ShutterSpeedValue" value="4.058"/>
          <property name="File/ImageHeight" value="3016"/>
          <property name="File/ImageWidth" value="4032"/>
          <property name="System/FileModifyDate" value="2018:06:30 17:10:29"/>
          <property name="System/FileSize" value="2337210"/>
        </meta>
      </photo>
    </camera>
    <camera camera_id="2">
      <photo path="D:/emmm/新建文件夹 (6)/IMG_20180630_171032.jpg">
        <meta>
          <property name="Exif/ApertureValue" value="2.27"/>
          <property name="Exif/DateTime" value="2018:06:30 17:10:32"/>
          <property name="Exif/DateTimeOriginal" value="2018:06:30 17:10:32"/>
          <property name="Exif/ExposureTime" value="0.0588235294117647"/>
          <property name="Exif/FNumber" value="2.2"/>
          <property name="Exif/FocalLength" value="3.8"/>
          <property name="Exif/FocalLengthIn35mmFilm" value="0"/>
          <property name="Exif/ISOSpeedRatings" value="800"/>
          <property name="Exif/Make" value="HUAWEI"/>
          <property name="Exif/Model" value="HUAWEI CAZ-AL10"/>
          <property name="Exif/ShutterSpeedValue" value="4.058"/>
          <property name="File/ImageHeight" value="3016"/>
          <property name="File/ImageWidth" value="4032"/>
          <property name="System/FileModifyDate" value="2018:06:30 17:10:32"/>
          <property name="System/FileSize" value="3407133"/>
        </meta>
      </photo>
    </camera>
    <camera camera_id="3">
      <photo path="D:/emmm/新建文件夹 (6)/IMG_20180630_171042.jpg">
        <meta>
          <property name="Exif/ApertureValue" value="2.27"/>
          <property name="Exif/DateTime" value="2018:06:30 17:10:42"/>
          <property name="Exif/DateTimeOriginal" value="2018:06:30 17:10:42"/>
          <property name="Exif/ExposureTime" value="0.05"/>
          <property name="Exif/FNumber" value="2.2"/>
          <property name="Exif/FocalLength" value="3.8"/>
          <property name="Exif/FocalLengthIn35mmFilm" value="0"/>
          <property name="Exif/ISOSpeedRatings" value="800"/>
          <property name="Exif/Make" value="HUAWEI"/>
          <property name="Exif/Model" value="HUAWEI CAZ-AL10"/>
          <property name="Exif/ShutterSpeedValue" value="4.321"/>
          <property name="File/ImageHeight" value="3016"/>
          <property name="File/ImageWidth" value="4032"/>
          <property name="System/FileModifyDate" value="2018:06:30 17:10:42"/>
          <property name="System/FileSize" value="3356673"/>
        </meta>
      </photo>
    </camera>
    <camera camera_id="4">
      <photo path="D:/emmm/新建文件夹 (6)/IMG_20180630_171046.jpg">
        <meta>
          <property name="Exif/ApertureValue" value="2.27"/>
          <property name="Exif/DateTime" value="2018:06:30 17:10:46"/>
          <property name="Exif/DateTimeOriginal" value="2018:06:30 17:10:46"/>
          <property name="Exif/ExposureTime" value="0.05"/>
          <property name="Exif/FNumber" value="2.2"/>
          <property name="Exif/FocalLength" value="3.8"/>
          <property name="Exif/FocalLengthIn35mmFilm" value="0"/>
          <property name="Exif/ISOSpeedRatings" value="800"/>
          <property name="Exif/Make" value="HUAWEI"/>
          <property name="Exif/Model" value="HUAWEI CAZ-AL10"/>
          <property name="Exif/ShutterSpeedValue" value="4.321"/>
          <property name="File/ImageHeight" value="3016"/>
          <property name="File/ImageWidth" value="4032"/>
          <property name="System/FileModifyDate" value="2018:06:30 17:10:46"/>
          <property name="System/FileSize" value="3412211"/>
        </meta>
      </photo>
    </camera>
    <camera camera_id="5">
      <photo path="D:/emmm/新建文件夹 (6)/IMG_20180630_171051.jpg">
        <meta>
          <property name="Exif/ApertureValue" value="2.27"/>
          <property name="Exif/DateTime" value="2018:06:30 17:10:51"/>
          <property name="Exif/DateTimeOriginal" value="2018:06:30 17:10:51"/>
          <property name="Exif/ExposureTime" value="0.05"/>
          <property name="Exif/FNumber" value="2.2"/>
          <property name="Exif/FocalLength" value="3.8"/>
          <property name="Exif/FocalLengthIn35mmFilm" value="0"/>
          <property name="Exif/ISOSpeedRatings" value="640"/>
          <property name="Exif/Make" value="HUAWEI"/>
          <property name="Exif/Model" value="HUAWEI CAZ-AL10"/>
          <property name="Exif/ShutterSpeedValue" value="4.321"/>
          <property name="File/ImageHeight" value="3016"/>
          <property name="File/ImageWidth" value="4032"/>
          <property name="System/FileModifyDate" value="2018:06:30 17:10:52"/>
          <property name="System/FileSize" value="3298854"/>
        </meta>
      </photo>
    </camera>
    <camera camera_id="6">
      <photo path="D:/emmm/新建文件夹 (6)/IMG_20180630_171054.jpg">
        <meta>
          <property name="Exif/ApertureValue" value="2.27"/>
          <property name="Exif/DateTime" value="2018:06:30 17:10:54"/>
          <property name="Exif/DateTimeOriginal" value="2018:06:30 17:10:54"/>
          <property name="Exif/ExposureTime" value="0.05"/>
          <property name="Exif/FNumber" value="2.2"/>
          <property name="Exif/FocalLength" value="3.8"/>
          <property name="Exif/FocalLengthIn35mmFilm" value="0"/>
          <property name="Exif/ISOSpeedRatings" value="800"/>
          <property name="Exif/Make" value="HUAWEI"/>
          <property name="Exif/Model" value="HUAWEI CAZ-AL10"/>
          <property name="Exif/ShutterSpeedValue" value="4.321"/>
          <property name="File/ImageHeight" value="3016"/>
          <property name="File/ImageWidth" value="4032"/>
          <property name="System/FileModifyDate" value="2018:06:30 17:10:55"/>
          <property name="System/FileSize" value="3164293"/>
        </meta>
      </photo>
    </camera>
    <camera camera_id="7">
      <photo path="D:/emmm/新建文件夹 (6)/IMG_20180630_171058.jpg">
        <meta>
          <property name="Exif/ApertureValue" value="2.27"/>
          <property name="Exif/DateTime" value="2018:06:30 17:10:59"/>
          <property name="Exif/DateTimeOriginal" value="2018:06:30 17:10:59"/>
          <property name="Exif/ExposureTime" value="0.05"/>
          <property name="Exif/FNumber" value="2.2"/>
          <property name="Exif/FocalLength" value="3.8"/>
          <property name="Exif/FocalLengthIn35mmFilm" value="0"/>
          <property name="Exif/ISOSpeedRatings" value="800"/>
          <property name="Exif/Make" value="HUAWEI"/>
          <property name="Exif/Model" value="HUAWEI CAZ-AL10"/>
          <property name="Exif/ShutterSpeedValue" value="4.321"/>
          <property name="File/ImageHeight" value="3016"/>
          <property name="File/ImageWidth" value="4032"/>
          <property name="System/FileModifyDate" value="2018:06:30 17:10:59"/>
          <property name="System/FileSize" value="3264947"/>
        </meta>
      </photo>
    </camera>
    <camera camera_id="8">
      <photo path="D:/emmm/新建文件夹 (6)/IMG_20180630_171102.jpg">
        <meta>
          <property name="Exif/ApertureValue" value="2.27"/>
          <property name="Exif/DateTime" value="2018:06:30 17:11:02"/>
          <property name="Exif/DateTimeOriginal" value="2018:06:30 17:11:02"/>
          <property name="Exif/ExposureTime" value="0.05"/>
          <property name="Exif/FNumber" value="2.2"/>
          <property name="Exif/FocalLength" value="3.8"/>
          <property name="Exif/FocalLengthIn35mmFilm" value="0"/>
          <property name="Exif/ISOSpeedRatings" value="800"/>
          <property name="Exif/Make" value="HUAWEI"/>
          <property name="Exif/Model" value="HUAWEI CAZ-AL10"/>
          <property name="Exif/ShutterSpeedValue" value="4.321"/>
          <property name="File/ImageHeight" value="3016"/>
          <property name="File/ImageWidth" value="4032"/>
          <property name="System/FileModifyDate" value="2018:06:30 17:11:03"/>
          <property name="System/FileSize" value="3272810"/>
        </meta>
      </photo>
    </camera>
    <camera camera_id="9">
      <photo path="D:/emmm/新建文件夹 (6)/IMG_20180630_171106.jpg">
        <meta>
          <property name="Exif/ApertureValue" value="2.27"/>
          <property name="Exif/DateTime" value="2018:06:30 17:11:06"/>
          <property name="Exif/DateTimeOriginal" value="2018:06:30 17:11:06"/>
          <property name="Exif/ExposureTime" value="0.05"/>
          <property name="Exif/FNumber" value="2.2"/>
          <property name="Exif/FocalLength" value="3.8"/>
          <property name="Exif/FocalLengthIn35mmFilm" value="0"/>
          <property name="Exif/ISOSpeedRatings" value="640"/>
          <property name="Exif/Make" value="HUAWEI"/>
          <property name="Exif/Model" value="HUAWEI CAZ-AL10"/>
          <property name="Exif/ShutterSpeedValue" value="4.321"/>
          <property name="File/ImageHeight" value="3016"/>
          <property name="File/ImageWidth" value="4032"/>
          <property name="System/FileModifyDate" value="2018:06:30 17:11:07"/>
          <property name="System/FileSize" value="3195251"/>
        </meta>
      </photo>
    </camera>
    <camera camera_id="10">
      <photo path="D:/emmm/新建文件夹 (6)/IMG_20180630_171110.jpg">
        <meta>
          <property name="Exif/ApertureValue" value="2.27"/>
          <property name="Exif/DateTime" value="2018:06:30 17:11:10"/>
          <property name="Exif/DateTimeOriginal" value="2018:06:30 17:11:10"/>
          <property name="Exif/ExposureTime" value="0.05"/>
          <property name="Exif/FNumber" value="2.2"/>
          <property name="Exif/FocalLength" value="3.8"/>
          <property name="Exif/FocalLengthIn35mmFilm" value="0"/>
          <property name="Exif/ISOSpeedRatings" value="640"/>
          <property name="Exif/Make" value="HUAWEI"/>
          <property name="Exif/Model" value="HUAWEI CAZ-AL10"/>
          <property name="Exif/ShutterSpeedValue" value="4.321"/>
          <property name="File/ImageHeight" value="3016"/>
          <property name="File/ImageWidth" value="4032"/>
          <property name="System/FileModifyDate" value="2018:06:30 17:11:11"/>
          <property name="System/FileSize" value="3222344"/>
        </meta>
      </photo>
    </camera>
    <camera camera_id="11">
      <photo path="D:/emmm/新建文件夹 (6)/IMG_20180630_171114.jpg">
        <meta>
          <property name="Exif/ApertureValue" value="2.27"/>
          <property name="Exif/DateTime" value="2018:06:30 17:11:14"/>
          <property name="Exif/DateTimeOriginal" value="2018:06:30 17:11:14"/>
          <property name="Exif/ExposureTime" value="0.05"/>
          <property name="Exif/FNumber" value="2.2"/>
          <property name="Exif/FocalLength" value="3.8"/>
          <property name="Exif/FocalLengthIn35mmFilm" value="0"/>
          <property name="Exif/ISOSpeedRatings" value="640"/>
          <property name="Exif/Make" value="HUAWEI"/>
          <property name="Exif/Model" value="HUAWEI CAZ-AL10"/>
          <property name="Exif/ShutterSpeedValue" value="4.321"/>
          <property name="File/ImageHeight" value="3016"/>
          <property name="File/ImageWidth" value="4032"/>
          <property name="System/FileModifyDate" value="2018:06:30 17:11:15"/>
          <property name="System/FileSize" value="3311383"/>
        </meta>
      </photo>
    </camera>
    <camera camera_id="12">
      <photo path="D:/emmm/新建文件夹 (6)/IMG_20180630_171118.jpg">
        <meta>
          <property name="Exif/ApertureValue" value="2.27"/>
          <property name="Exif/DateTime" value="2018:06:30 17:11:18"/>
          <property name="Exif/DateTimeOriginal" value="2018:06:30 17:11:18"/>
          <property name="Exif/ExposureTime" value="0.05"/>
          <property name="Exif/FNumber" value="2.2"/>
          <property name="Exif/FocalLength" value="3.8"/>
          <property name="Exif/FocalLengthIn35mmFilm" value="0"/>
          <property name="Exif/ISOSpeedRatings" value="640"/>
          <property name="Exif/Make" value="HUAWEI"/>
          <property name="Exif/Model" value="HUAWEI CAZ-AL10"/>
          <property name="Exif/ShutterSpeedValue" value="4.321"/>
          <property name="File/ImageHeight" value="3016"/>
          <property name="File/ImageWidth" value="4032"/>
          <property name="System/FileModifyDate" value="2018:06:30 17:11:19"/>
          <property name="System/FileSize" value="3259356"/>
        </meta>
      </photo>
    </camera>
    <camera camera_id="13">
      <photo path="D:/emmm/新建文件夹 (6)/IMG_20180630_171122.jpg">
        <meta>
          <property name="Exif/ApertureValue" value="2.27"/>
          <property name="Exif/DateTime" value="2018:06:30 17:11:22"/>
          <property name="Exif/DateTimeOriginal" value="2018:06:30 17:11:22"/>
          <property name="Exif/ExposureTime" value="0.05"/>
          <property name="Exif/FNumber" value="2.2"/>
          <property name="Exif/FocalLength" value="3.8"/>
          <property name="Exif/FocalLengthIn35mmFilm" value="0"/>
          <property name="Exif/ISOSpeedRatings" value="640"/>
          <property name="Exif/Make" value="HUAWEI"/>
          <property name="Exif/Model" value="HUAWEI CAZ-AL10"/>
          <property name="Exif/ShutterSpeedValue" value="4.321"/>
          <property name="File/ImageHeight" value="3016"/>
          <property name="File/ImageWidth" value="4032"/>
          <property name="System/FileModifyDate" value="2018:06:30 17:11:23"/>
          <property name="System/FileSize" value="3244302"/>
        </meta>
      </photo>
    </camera>
    <camera camera_id="14">
      <photo path="D:/emmm/新建文件夹 (6)/IMG_20180630_171134.jpg">
        <meta>
          <property name="Exif/ApertureValue" value="2.27"/>
          <property name="Exif/DateTime" value="2018:06:30 17:11:34"/>
          <property name="Exif/DateTimeOriginal" value="2018:06:30 17:11:34"/>
          <property name="Exif/ExposureTime" value="0.05"/>
          <property name="Exif/FNumber" value="2.2"/>
          <property name="Exif/FocalLength" value="3.8"/>
          <property name="Exif/FocalLengthIn35mmFilm" value="0"/>
          <property name="Exif/ISOSpeedRatings" value="800"/>
          <property name="Exif/Make" value="HUAWEI"/>
          <property name="Exif/Model" value="HUAWEI CAZ-AL10"/>
          <property name="Exif/ShutterSpeedValue" value="4.321"/>
          <property name="File/ImageHeight" value="3016"/>
          <property name="File/ImageWidth" value="4032"/>
          <property name="System/FileModifyDate" value="2018:06:30 17:11:35"/>
          <property name="System/FileSize" value="3252434"/>
        </meta>
      </photo>
    </camera>
    <camera camera_id="15">
      <photo path="D:/emmm/新建文件夹 (6)/IMG_20180630_171137.jpg">
        <meta>
          <property name="Exif/ApertureValue" value="2.27"/>
          <property name="Exif/DateTime" value="2018:06:30 17:11:37"/>
          <property name="Exif/DateTimeOriginal" value="2018:06:30 17:11:37"/>
          <property name="Exif/ExposureTime" value="0.05"/>
          <property name="Exif/FNumber" value="2.2"/>
          <property name="Exif/FocalLength" value="3.8"/>
          <property name="Exif/FocalLengthIn35mmFilm" value="0"/>
          <property name="Exif/ISOSpeedRatings" value="800"/>
          <property name="Exif/Make" value="HUAWEI"/>
          <property name="Exif/Model" value="HUAWEI CAZ-AL10"/>
          <property name="Exif/ShutterSpeedValue" value="4.321"/>
          <property name="File/ImageHeight" value="3016"/>
          <property name="File/ImageWidth" value="4032"/>
          <property name="System/FileModifyDate" value="2018:06:30 17:11:38"/>
          <property name="System/FileSize" value="3629779"/>
        </meta>
      </photo>
    </camera>
    <camera camera_id="16">
      <photo path="D:/emmm/新建文件夹 (6)/IMG_20180630_171140.jpg">
        <meta>
          <property name="Exif/ApertureValue" value="2.27"/>
          <property name="Exif/DateTime" value="2018:06:30 17:11:40"/>
          <property name="Exif/DateTimeOriginal" value="2018:06:30 17:11:40"/>
          <property name="Exif/ExposureTime" value="0.05"/>
          <property name="Exif/FNumber" value="2.2"/>
          <property name="Exif/FocalLength" value="3.8"/>
          <property name="Exif/FocalLengthIn35mmFilm" value="0"/>
          <property name="Exif/ISOSpeedRatings" value="800"/>
          <property name="Exif/Make" value="HUAWEI"/>
          <property name="Exif/Model" value="HUAWEI CAZ-AL10"/>
          <property name="Exif/ShutterSpeedValue" value="4.321"/>
          <property name="File/ImageHeight" value="3016"/>
          <property name="File/ImageWidth" value="4032"/>
          <property name="System/FileModifyDate" value="2018:06:30 17:11:41"/>
          <property name="System/FileSize" value="3247365"/>
        </meta>
      </photo>
    </camera>
    <camera camera_id="17">
      <photo path="D:/emmm/新建文件夹 (6)/IMG_20180630_171143.jpg">
        <meta>
          <property name="Exif/ApertureValue" value="2.27"/>
          <property name="Exif/DateTime" value="2018:06:30 17:11:43"/>
          <property name="Exif/DateTimeOriginal" value="2018:06:30 17:11:43"/>
          <property name="Exif/ExposureTime" value="0.05"/>
          <property name="Exif/FNumber" value="2.2"/>
          <property name="Exif/FocalLength" value="3.8"/>
          <property name="Exif/FocalLengthIn35mmFilm" value="0"/>
          <property name="Exif/ISOSpeedRatings" value="800"/>
          <property name="Exif/Make" value="HUAWEI"/>
          <property name="Exif/Model" value="HUAWEI CAZ-AL10"/>
          <property name="Exif/ShutterSpeedValue" value="4.321"/>
          <property name="File/ImageHeight" value="3016"/>
          <property name="File/ImageWidth" value="4032"/>
          <property name="System/FileModifyDate" value="2018:06:30 17:11:44"/>
          <property name="System/FileSize" value="3312337"/>
        </meta>
      </photo>
    </camera>
    <camera camera_id="18">
      <photo path="D:/emmm/新建文件夹 (6)/IMG_20180630_171146.jpg">
        <meta>
          <property name="Exif/ApertureValue" value="2.27"/>
          <property name="Exif/DateTime" value="2018:06:30 17:11:46"/>
          <property name="Exif/DateTimeOriginal" value="2018:06:30 17:11:46"/>
          <property name="Exif/ExposureTime" value="0.05"/>
          <property name="Exif/FNumber" value="2.2"/>
          <property name="Exif/FocalLength" value="3.8"/>
          <property name="Exif/FocalLengthIn35mmFilm" value="0"/>
          <property name="Exif/ISOSpeedRatings" value="800"/>
          <property name="Exif/Make" value="HUAWEI"/>
          <property name="Exif/Model" value="HUAWEI CAZ-AL10"/>
          <property name="Exif/ShutterSpeedValue" value="4.321"/>
          <property name="File/ImageHeight" value="3016"/>
          <property name="File/ImageWidth" value="4032"/>
          <property name="System/FileModifyDate" value="2018:06:30 17:11:46"/>
          <property name="System/FileSize" value="3206740"/>
        </meta>
      </photo>
    </camera>
    <camera camera_id="19">
      <photo path="D:/emmm/新建文件夹 (6)/IMG_20180630_171150.jpg">
        <meta>
          <property name="Exif/ApertureValue" value="2.27"/>
          <property name="Exif/DateTime" value="2018:06:30 17:11:50"/>
          <property name="Exif/DateTimeOriginal" value="2018:06:30 17:11:50"/>
          <property name="Exif/ExposureTime" value="0.0588235294117647"/>
          <property name="Exif/FNumber" value="2.2"/>
          <property name="Exif/FocalLength" value="3.8"/>
          <property name="Exif/FocalLengthIn35mmFilm" value="0"/>
          <property name="Exif/ISOSpeedRatings" value="1000"/>
          <property name="Exif/Make" value="HUAWEI"/>
          <property name="Exif/Model" value="HUAWEI CAZ-AL10"/>
          <property name="Exif/ShutterSpeedValue" value="4.058"/>
          <property name="File/ImageHeight" value="3016"/>
          <property name="File/ImageWidth" value="4032"/>
          <property name="System/FileModifyDate" value="2018:06:30 17:11:51"/>
          <property name="System/FileSize" value="3510924"/>
        </meta>
      </photo>
    </camera>
    <camera camera_id="20">
      <photo path="D:/emmm/新建文件夹 (6)/IMG_20180630_171154.jpg">
        <meta>
          <property name="Exif/ApertureValue" value="2.27"/>
          <property name="Exif/DateTime" value="2018:06:30 17:11:54"/>
          <property name="Exif/DateTimeOriginal" value="2018:06:30 17:11:54"/>
          <property name="Exif/ExposureTime" value="0.0588235294117647"/>
          <property name="Exif/FNumber" value="2.2"/>
          <property name="Exif/FocalLength" value="3.8"/>
          <property name="Exif/FocalLengthIn35mmFilm" value="0"/>
          <property name="Exif/ISOSpeedRatings" value="1000"/>
          <property name="Exif/Make" value="HUAWEI"/>
          <property name="Exif/Model" value="HUAWEI CAZ-AL10"/>
          <property name="Exif/ShutterSpeedValue" value="4.058"/>
          <property name="File/ImageHeight" value="3016"/>
          <property name="File/ImageWidth" value="4032"/>
          <property name="System/FileModifyDate" value="2018:06:30 17:11:56"/>
          <property name="System/FileSize" value="2484956"/>
        </meta>
      </photo>
    </camera>
    <camera camera_id="21">
      <photo path="D:/emmm/新建文件夹 (6)/IMG_20180630_171157.jpg">
        <meta>
          <property name="Exif/ApertureValue" value="2.27"/>
          <property name="Exif/DateTime" value="2018:06:30 17:11:57"/>
          <property name="Exif/DateTimeOriginal" value="2018:06:30 17:11:57"/>
          <property name="Exif/ExposureTime" value="0.0588235294117647"/>
          <property name="Exif/FNumber" value="2.2"/>
          <property name="Exif/FocalLength" value="3.8"/>
          <property name="Exif/FocalLengthIn35mmFilm" value="0"/>
          <property name="Exif/ISOSpeedRatings" value="1000"/>
          <property name="Exif/Make" value="HUAWEI"/>
          <property name="Exif/Model" value="HUAWEI CAZ-AL10"/>
          <property name="Exif/ShutterSpeedValue" value="4.058"/>
          <property name="File/ImageHeight" value="3016"/>
          <property name="File/ImageWidth" value="4032"/>
          <property name="System/FileModifyDate" value="2018:06:30 17:11:59"/>
          <property name="System/FileSize" value="2565559"/>
        </meta>
      </photo>
    </camera>
    <camera camera_id="22">
      <photo path="D:/emmm/新建文件夹 (6)/IMG_20180630_171202.jpg">
        <meta>
          <property name="Exif/ApertureValue" value="2.27"/>
          <property name="Exif/DateTime" value="2018:06:30 17:12:02"/>
          <property name="Exif/DateTimeOriginal" value="2018:06:30 17:12:02"/>
          <property name="Exif/ExposureTime" value="0.0588235294117647"/>
          <property name="Exif/FNumber" value="2.2"/>
          <property name="Exif/FocalLength" value="3.8"/>
          <property name="Exif/FocalLengthIn35mmFilm" value="0"/>
          <property name="Exif/ISOSpeedRatings" value="1000"/>
          <property name="Exif/Make" value="HUAWEI"/>
          <property name="Exif/Model" value="HUAWEI CAZ-AL10"/>
          <property name="Exif/ShutterSpeedValue" value="4.058"/>
          <property name="File/ImageHeight" value="3016"/>
          <property name="File/ImageWidth" value="4032"/>
          <property name="System/FileModifyDate" value="2018:06:30 17:12:03"/>
          <property name="System/FileSize" value="3812422"/>
        </meta>
      </photo>
    </camera>
    <camera camera_id="23">
      <photo path="D:/emmm/新建文件夹 (6)/IMG_20180630_171220.jpg">
        <meta>
          <property name="Exif/ApertureValue" value="2.27"/>
          <property name="Exif/DateTime" value="2018:06:30 17:12:20"/>
          <property name="Exif/DateTimeOriginal" value="2018:06:30 17:12:20"/>
          <property name="Exif/ExposureTime" value="0.0588235294117647"/>
          <property name="Exif/FNumber" value="2.2"/>
          <property name="Exif/FocalLength" value="3.8"/>
          <property name="Exif/FocalLengthIn35mmFilm" value="0"/>
          <property name="Exif/ISOSpeedRatings" value="800"/>
          <property name="Exif/Make" value="HUAWEI"/>
          <property name="Exif/Model" value="HUAWEI CAZ-AL10"/>
          <property name="Exif/ShutterSpeedValue" value="4.058"/>
          <property name="File/ImageHeight" value="3016"/>
          <property name="File/ImageWidth" value="4032"/>
          <property name="System/FileModifyDate" value="2018:06:30 17:12:21"/>
          <property name="System/FileSize" value="3409976"/>
        </meta>
      </photo>
    </camera>
    <camera camera_id="24">
      <photo path="D:/emmm/新建文件夹 (6)/IMG_20180630_171231.jpg">
        <meta>
          <property name="Exif/ApertureValue" value="2.27"/>
          <property name="Exif/DateTime" value="2018:06:30 17:12:31"/>
          <property name="Exif/DateTimeOriginal" value="2018:06:30 17:12:31"/>
          <property name="Exif/ExposureTime" value="0.05"/>
          <property name="Exif/FNumber" value="2.2"/>
          <property name="Exif/FocalLength" value="3.8"/>
          <property name="Exif/FocalLengthIn35mmFilm" value="0"/>
          <property name="Exif/ISOSpeedRatings" value="640"/>
          <property name="Exif/Make" value="HUAWEI"/>
          <property name="Exif/Model" value="HUAWEI CAZ-AL10"/>
          <property name="Exif/ShutterSpeedValue" value="4.321"/>
          <property name="File/ImageHeight" value="3016"/>
          <property name="File/ImageWidth" value="4032"/>
          <property name="System/FileModifyDate" value="2018:06:30 17:12:32"/>
          <property name="System/FileSize" value="3222476"/>
        </meta>
      </photo>
    </camera>
    <camera camera_id="25">
      <photo path="D:/emmm/新建文件夹 (6)/IMG_20180630_171232.jpg">
        <meta>
          <property name="Exif/ApertureValue" value="2.27"/>
          <property name="Exif/DateTime" value="2018:06:30 17:12:32"/>
          <property name="Exif/DateTimeOriginal" value="2018:06:30 17:12:32"/>
          <property name="Exif/ExposureTime" value="0.05"/>
          <property name="Exif/FNumber" value="2.2"/>
          <property name="Exif/FocalLength" value="3.8"/>
          <property name="Exif/FocalLengthIn35mmFilm" value="0"/>
          <property name="Exif/ISOSpeedRatings" value="640"/>
          <property name="Exif/Make" value="HUAWEI"/>
          <property name="Exif/Model" value="HUAWEI CAZ-AL10"/>
          <property name="Exif/ShutterSpeedValue" value="4.321"/>
          <property name="File/ImageHeight" value="3016"/>
          <property name="File/ImageWidth" value="4032"/>
          <property name="System/FileModifyDate" value="2018:06:30 17:12:33"/>
          <property name="System/FileSize" value="3383093"/>
        </meta>
      </photo>
    </camera>
    <camera camera_id="26">
      <photo path="D:/emmm/新建文件夹 (6)/IMG_20180630_171234.jpg">
        <meta>
          <property name="Exif/ApertureValue" value="2.27"/>
          <property name="Exif/DateTime" value="2018:06:30 17:12:34"/>
          <property name="Exif/DateTimeOriginal" value="2018:06:30 17:12:34"/>
          <property name="Exif/ExposureTime" value="0.05"/>
          <property name="Exif/FNumber" value="2.2"/>
          <property name="Exif/FocalLength" value="3.8"/>
          <property name="Exif/FocalLengthIn35mmFilm" value="0"/>
          <property name="Exif/ISOSpeedRatings" value="800"/>
          <property name="Exif/Make" value="HUAWEI"/>
          <property name="Exif/Model" value="HUAWEI CAZ-AL10"/>
          <property name="Exif/ShutterSpeedValue" value="4.321"/>
          <property name="File/ImageHeight" value="3016"/>
          <property name="File/ImageWidth" value="4032"/>
          <property name="System/FileModifyDate" value="2018:06:30 17:12:35"/>
          <property name="System/FileSize" value="3264659"/>
        </meta>
      </photo>
    </camera>
    <camera camera_id="27">
      <photo path="D:/emmm/新建文件夹 (6)/IMG_20180630_171236.jpg">
        <meta>
          <property name="Exif/ApertureValue" value="2.27"/>
          <property name="Exif/DateTime" value="2018:06:30 17:12:36"/>
          <property name="Exif/DateTimeOriginal" value="2018:06:30 17:12:36"/>
          <property name="Exif/ExposureTime" value="0.05"/>
          <property name="Exif/FNumber" value="2.2"/>
          <property name="Exif/FocalLength" value="3.8"/>
          <property name="Exif/FocalLengthIn35mmFilm" value="0"/>
          <property name="Exif/ISOSpeedRatings" value="800"/>
          <property name="Exif/Make" value="HUAWEI"/>
          <property name="Exif/Model" value="HUAWEI CAZ-AL10"/>
          <property name="Exif/ShutterSpeedValue" value="4.321"/>
          <property name="File/ImageHeight" value="3016"/>
          <property name="File/ImageWidth" value="4032"/>
          <property name="System/FileModifyDate" value="2018:06:30 17:12:37"/>
          <property name="System/FileSize" value="3511720"/>
        </meta>
      </photo>
    </camera>
    <camera camera_id="28">
      <photo path="D:/emmm/新建文件夹 (6)/IMG_20180630_171240.jpg">
        <meta>
          <property name="Exif/ApertureValue" value="2.27"/>
          <property name="Exif/DateTime" value="2018:06:30 17:12:40"/>
          <property name="Exif/DateTimeOriginal" value="2018:06:30 17:12:40"/>
          <property name="Exif/ExposureTime" value="0.0588235294117647"/>
          <property name="Exif/FNumber" value="2.2"/>
          <property name="Exif/FocalLength" value="3.8"/>
          <property name="Exif/FocalLengthIn35mmFilm" value="0"/>
          <property name="Exif/ISOSpeedRatings" value="800"/>
          <property name="Exif/Make" value="HUAWEI"/>
          <property name="Exif/Model" value="HUAWEI CAZ-AL10"/>
          <property name="Exif/ShutterSpeedValue" value="4.058"/>
          <property name="File/ImageHeight" value="3016"/>
          <property name="File/ImageWidth" value="4032"/>
          <property name="System/FileModifyDate" value="2018:06:30 17:12:42"/>
          <property name="System/FileSize" value="2407290"/>
        </meta>
      </photo>
    </camera>
    <camera camera_id="29">
      <photo path="D:/emmm/新建文件夹 (6)/IMG_20180630_171249.jpg">
        <meta>
          <property name="Exif/ApertureValue" value="2.27"/>
          <property name="Exif/DateTime" value="2018:06:30 17:12:49"/>
          <property name="Exif/DateTimeOriginal" value="2018:06:30 17:12:49"/>
          <property name="Exif/ExposureTime" value="0.05"/>
          <property name="Exif/FNumber" value="2.2"/>
          <property name="Exif/FocalLength" value="3.8"/>
          <property name="Exif/FocalLengthIn35mmFilm" value="0"/>
          <property name="Exif/ISOSpeedRatings" value="800"/>
          <property name="Exif/Make" value="HUAWEI"/>
          <property name="Exif/Model" value="HUAWEI CAZ-AL10"/>
          <property name="Exif/ShutterSpeedValue" value="4.321"/>
          <property name="File/ImageHeight" value="3016"/>
          <property name="File/ImageWidth" value="4032"/>
          <property name="System/FileModifyDate" value="2018:06:30 17:12:49"/>
          <property name="System/FileSize" value="3633493"/>
        </meta>
      </photo>
    </camera>
    <camera camera_id="30">
      <photo path="D:/emmm/新建文件夹 (6)/IMG_20180630_171252.jpg">
        <meta>
          <property name="Exif/ApertureValue" value="2.27"/>
          <property name="Exif/DateTime" value="2018:06:30 17:12:52"/>
          <property name="Exif/DateTimeOriginal" value="2018:06:30 17:12:52"/>
          <property name="Exif/ExposureTime" value="0.05"/>
          <property name="Exif/FNumber" value="2.2"/>
          <property name="Exif/FocalLength" value="3.8"/>
          <property name="Exif/FocalLengthIn35mmFilm" value="0"/>
          <property name="Exif/ISOSpeedRatings" value="800"/>
          <property name="Exif/Make" value="HUAWEI"/>
          <property name="Exif/Model" value="HUAWEI CAZ-AL10"/>
          <property name="Exif/ShutterSpeedValue" value="4.321"/>
          <property name="File/ImageHeight" value="3016"/>
          <property name="File/ImageWidth" value="4032"/>
          <property name="System/FileModifyDate" value="2018:06:30 17:12:53"/>
          <property name="System/FileSize" value="3574157"/>
        </meta>
      </photo>
    </camera>
    <camera camera_id="31">
      <photo path="D:/emmm/新建文件夹 (6)/IMG_20180630_171256.jpg">
        <meta>
          <property name="Exif/ApertureValue" value="2.27"/>
          <property name="Exif/DateTime" value="2018:06:30 17:12:56"/>
          <property name="Exif/DateTimeOriginal" value="2018:06:30 17:12:56"/>
          <property name="Exif/ExposureTime" value="0.05"/>
          <property name="Exif/FNumber" value="2.2"/>
          <property name="Exif/FocalLength" value="3.8"/>
          <property name="Exif/FocalLengthIn35mmFilm" value="0"/>
          <property name="Exif/ISOSpeedRatings" value="640"/>
          <property name="Exif/Make" value="HUAWEI"/>
          <property name="Exif/Model" value="HUAWEI CAZ-AL10"/>
          <property name="Exif/ShutterSpeedValue" value="4.321"/>
          <property name="File/ImageHeight" value="3016"/>
          <property name="File/ImageWidth" value="4032"/>
          <property name="System/FileModifyDate" value="2018:06:30 17:12:56"/>
          <property name="System/FileSize" value="3905687"/>
        </meta>
      </photo>
    </camera>
    <camera camera_id="32">
      <photo path="D:/emmm/新建文件夹 (6)/IMG_20180630_171303.jpg">
        <meta>
          <property name="Exif/ApertureValue" value="2.27"/>
          <property name="Exif/DateTime" value="2018:06:30 17:13:03"/>
          <property name="Exif/DateTimeOriginal" value="2018:06:30 17:13:03"/>
          <property name="Exif/ExposureTime" value="0.05"/>
          <property name="Exif/FNumber" value="2.2"/>
          <property name="Exif/FocalLength" value="3.8"/>
          <property name="Exif/FocalLengthIn35mmFilm" value="0"/>
          <property name="Exif/ISOSpeedRatings" value="640"/>
          <property name="Exif/Make" value="HUAWEI"/>
          <property name="Exif/Model" value="HUAWEI CAZ-AL10"/>
          <property name="Exif/ShutterSpeedValue" value="4.321"/>
          <property name="File/ImageHeight" value="3016"/>
          <property name="File/ImageWidth" value="4032"/>
          <property name="System/FileModifyDate" value="2018:06:30 17:13:04"/>
          <property name="System/FileSize" value="4235604"/>
        </meta>
      </photo>
    </camera>
    <camera camera_id="33">
      <photo path="D:/emmm/新建文件夹 (6)/IMG_20180630_171313.jpg">
        <meta>
          <property name="Exif/ApertureValue" value="2.27"/>
          <property name="Exif/DateTime" value="2018:06:30 17:13:13"/>
          <property name="Exif/DateTimeOriginal" value="2018:06:30 17:13:13"/>
          <property name="Exif/ExposureTime" value="0.0588235294117647"/>
          <property name="Exif/FNumber" value="2.2"/>
          <property name="Exif/FocalLength" value="3.8"/>
          <property name="Exif/FocalLengthIn35mmFilm" value="0"/>
          <property name="Exif/ISOSpeedRatings" value="800"/>
          <property name="Exif/Make" value="HUAWEI"/>
          <property name="Exif/Model" value="HUAWEI CAZ-AL10"/>
          <property name="Exif/ShutterSpeedValue" value="4.058"/>
          <property name="File/ImageHeight" value="3016"/>
          <property name="File/ImageWidth" value="4032"/>
          <property name="System/FileModifyDate" value="2018:06:30 17:13:13"/>
          <property name="System/FileSize" value="4027746"/>
        </meta>
      </photo>
    </camera>
    <camera camera_id="34">
      <photo path="D:/emmm/新建文件夹 (6)/IMG_20180630_171318.jpg">
        <meta>
          <property name="Exif/ApertureValue" value="2.27"/>
          <property name="Exif/DateTime" value="2018:06:30 17:13:18"/>
          <property name="Exif/DateTimeOriginal" value="2018:06:30 17:13:18"/>
          <property name="Exif/ExposureTime" value="0.0588235294117647"/>
          <property name="Exif/FNumber" value="2.2"/>
          <property name="Exif/FocalLength" value="3.8"/>
          <property name="Exif/FocalLengthIn35mmFilm" value="0"/>
          <property name="Exif/ISOSpeedRatings" value="1000"/>
          <property name="Exif/Make" value="HUAWEI"/>
          <property name="Exif/Model" value="HUAWEI CAZ-AL10"/>
          <property name="Exif/ShutterSpeedValue" value="4.058"/>
          <property name="File/ImageHeight" value="3016"/>
          <property name="File/ImageWidth" value="4032"/>
          <property name="System/FileModifyDate" value="2018:06:30 17:13:18"/>
          <property name="System/FileSize" value="4216198"/>
        </meta>
      </photo>
    </camera>
    <camera camera_id="35">
      <photo path="D:/emmm/新建文件夹 (6)/IMG_20180630_171321.jpg">
        <meta>
          <property name="Exif/ApertureValue" value="2.27"/>
          <property name="Exif/DateTime" value="2018:06:30 17:13:21"/>
          <property name="Exif/DateTimeOriginal" value="2018:06:30 17:13:21"/>
          <property name="Exif/ExposureTime" value="0.0588235294117647"/>
          <property name="Exif/FNumber" value="2.2"/>
          <property name="Exif/FocalLength" value="3.8"/>
          <property name="Exif/FocalLengthIn35mmFilm" value="0"/>
          <property name="Exif/ISOSpeedRatings" value="800"/>
          <property name="Exif/Make" value="HUAWEI"/>
          <property name="Exif/Model" value="HUAWEI CAZ-AL10"/>
          <property name="Exif/ShutterSpeedValue" value="4.058"/>
          <property name="File/ImageHeight" value="3016"/>
          <property name="File/ImageWidth" value="4032"/>
          <property name="System/FileModifyDate" value="2018:06:30 17:13:22"/>
          <property name="System/FileSize" value="2760569"/>
        </meta>
      </photo>
    </camera>
    <camera camera_id="36">
      <photo path="D:/emmm/新建文件夹 (6)/IMG_20180630_171325.jpg">
        <meta>
          <property name="Exif/ApertureValue" value="2.27"/>
          <property name="Exif/DateTime" value="2018:06:30 17:13:26"/>
          <property name="Exif/DateTimeOriginal" value="2018:06:30 17:13:26"/>
          <property name="Exif/ExposureTime" value="0.0588235294117647"/>
          <property name="Exif/FNumber" value="2.2"/>
          <property name="Exif/FocalLength" value="3.8"/>
          <property name="Exif/FocalLengthIn35mmFilm" value="0"/>
          <property name="Exif/ISOSpeedRatings" value="800"/>
          <property name="Exif/Make" value="HUAWEI"/>
          <property name="Exif/Model" value="HUAWEI CAZ-AL10"/>
          <property name="Exif/ShutterSpeedValue" value="4.058"/>
          <property name="File/ImageHeight" value="3016"/>
          <property name="File/ImageWidth" value="4032"/>
          <property name="System/FileModifyDate" value="2018:06:30 17:13:27"/>
          <property name="System/FileSize" value="2605980"/>
        </meta>
      </photo>
    </camera>
    <camera camera_id="37">
      <photo path="D:/emmm/新建文件夹 (6)/IMG_20180630_171329.jpg">
        <meta>
          <property name="Exif/ApertureValue" value="2.27"/>
          <property name="Exif/DateTime" value="2018:06:30 17:13:29"/>
          <property name="Exif/DateTimeOriginal" value="2018:06:30 17:13:29"/>
          <property name="Exif/ExposureTime" value="0.0588235294117647"/>
          <property name="Exif/FNumber" value="2.2"/>
          <property name="Exif/FocalLength" value="3.8"/>
          <property name="Exif/FocalLengthIn35mmFilm" value="0"/>
          <property name="Exif/ISOSpeedRatings" value="800"/>
          <property name="Exif/Make" value="HUAWEI"/>
          <property name="Exif/Model" value="HUAWEI CAZ-AL10"/>
          <property name="Exif/ShutterSpeedValue" value="4.058"/>
          <property name="File/ImageHeight" value="3016"/>
          <property name="File/ImageWidth" value="4032"/>
          <property name="System/FileModifyDate" value="2018:06:30 17:13:30"/>
          <property name="System/FileSize" value="3599521"/>
        </meta>
      </photo>
    </camera>
    <camera camera_id="38">
      <photo path="D:/emmm/新建文件夹 (6)/IMG_20180630_171333.jpg">
        <meta>
          <property name="Exif/ApertureValue" value="2.27"/>
          <property name="Exif/DateTime" value="2018:06:30 17:13:33"/>
          <property name="Exif/DateTimeOriginal" value="2018:06:30 17:13:33"/>
          <property name="Exif/ExposureTime" value="0.0588235294117647"/>
          <property name="Exif/FNumber" value="2.2"/>
          <property name="Exif/FocalLength" value="3.8"/>
          <property name="Exif/FocalLengthIn35mmFilm" value="0"/>
          <property name="Exif/ISOSpeedRatings" value="800"/>
          <property name="Exif/Make" value="HUAWEI"/>
          <property name="Exif/Model" value="HUAWEI CAZ-AL10"/>
          <property name="Exif/ShutterSpeedValue" value="4.058"/>
          <property name="File/ImageHeight" value="3016"/>
          <property name="File/ImageWidth" value="4032"/>
          <property name="System/FileModifyDate" value="2018:06:30 17:13:33"/>
          <property name="System/FileSize" value="3595187"/>
        </meta>
      </photo>
    </camera>
    <camera camera_id="39">
      <photo path="D:/emmm/新建文件夹 (6)/IMG_20180630_171337.jpg">
        <meta>
          <property name="Exif/ApertureValue" value="2.27"/>
          <property name="Exif/DateTime" value="2018:06:30 17:13:37"/>
          <property name="Exif/DateTimeOriginal" value="2018:06:30 17:13:37"/>
          <property name="Exif/ExposureTime" value="0.0588235294117647"/>
          <property name="Exif/FNumber" value="2.2"/>
          <property name="Exif/FocalLength" value="3.8"/>
          <property name="Exif/FocalLengthIn35mmFilm" value="0"/>
          <property name="Exif/ISOSpeedRatings" value="1000"/>
          <property name="Exif/Make" value="HUAWEI"/>
          <property name="Exif/Model" value="HUAWEI CAZ-AL10"/>
          <property name="Exif/ShutterSpeedValue" value="4.058"/>
          <property name="File/ImageHeight" value="3016"/>
          <property name="File/ImageWidth" value="4032"/>
          <property name="System/FileModifyDate" value="2018:06:30 17:13:39"/>
          <property name="System/FileSize" value="2759355"/>
        </meta>
      </photo>
    </camera>
    <camera camera_id="40">
      <photo path="D:/emmm/新建文件夹 (6)/IMG_20180630_171341.jpg">
        <meta>
          <property name="Exif/ApertureValue" value="2.27"/>
          <property name="Exif/DateTime" value="2018:06:30 17:13:41"/>
          <property name="Exif/DateTimeOriginal" value="2018:06:30 17:13:41"/>
          <property name="Exif/ExposureTime" value="0.0588235294117647"/>
          <property name="Exif/FNumber" value="2.2"/>
          <property name="Exif/FocalLength" value="3.8"/>
          <property name="Exif/FocalLengthIn35mmFilm" value="0"/>
          <property name="Exif/ISOSpeedRatings" value="1000"/>
          <property name="Exif/Make" value="HUAWEI"/>
          <property name="Exif/Model" value="HUAWEI CAZ-AL10"/>
          <property name="Exif/ShutterSpeedValue" value="4.058"/>
          <property name="File/ImageHeight" value="3016"/>
          <property name="File/ImageWidth" value="4032"/>
          <property name="System/FileModifyDate" value="2018:06:30 17:13:43"/>
          <property name="System/FileSize" value="2510480"/>
        </meta>
      </photo>
    </camera>
    <camera camera_id="41">
      <photo path="D:/emmm/新建文件夹 (6)/IMG_20180630_171347.jpg">
        <meta>
          <property name="Exif/ApertureValue" value="2.27"/>
          <property name="Exif/DateTime" value="2018:06:30 17:13:47"/>
          <property name="Exif/DateTimeOriginal" value="2018:06:30 17:13:47"/>
          <property name="Exif/ExposureTime" value="0.0588235294117647"/>
          <property name="Exif/FNumber" value="2.2"/>
          <property name="Exif/FocalLength" value="3.8"/>
          <property name="Exif/FocalLengthIn35mmFilm" value="0"/>
          <property name="Exif/ISOSpeedRatings" value="800"/>
          <property name="Exif/Make" value="HUAWEI"/>
          <property name="Exif/Model" value="HUAWEI CAZ-AL10"/>
          <property name="Exif/ShutterSpeedValue" value="4.058"/>
          <property name="File/ImageHeight" value="3016"/>
          <property name="File/ImageWidth" value="4032"/>
          <property name="System/FileModifyDate" value="2018:06:30 17:13:49"/>
          <property name="System/FileSize" value="2542835"/>
        </meta>
      </photo>
    </camera>
    <camera camera_id="42">
      <photo path="D:/emmm/新建文件夹 (6)/IMG_20180630_171350.jpg">
        <meta>
          <property name="Exif/ApertureValue" value="2.27"/>
          <property name="Exif/DateTime" value="2018:06:30 17:13:50"/>
          <property name="Exif/DateTimeOriginal" value="2018:06:30 17:13:50"/>
          <property name="Exif/ExposureTime" value="0.05"/>
          <property name="Exif/FNumber" value="2.2"/>
          <property name="Exif/FocalLength" value="3.8"/>
          <property name="Exif/FocalLengthIn35mmFilm" value="0"/>
          <property name="Exif/ISOSpeedRatings" value="800"/>
          <property name="Exif/Make" value="HUAWEI"/>
          <property name="Exif/Model" value="HUAWEI CAZ-AL10"/>
          <property name="Exif/ShutterSpeedValue" value="4.321"/>
          <property name="File/ImageHeight" value="3016"/>
          <property name="File/ImageWidth" value="4032"/>
          <property name="System/FileModifyDate" value="2018:06:30 17:13:51"/>
          <property name="System/FileSize" value="3723917"/>
        </meta>
      </photo>
    </camera>
    <camera camera_id="43">
      <photo path="D:/emmm/新建文件夹 (6)/IMG_20180630_171355.jpg">
        <meta>
          <property name="Exif/ApertureValue" value="2.27"/>
          <property name="Exif/DateTime" value="2018:06:30 17:13:55"/>
          <property name="Exif/DateTimeOriginal" value="2018:06:30 17:13:55"/>
          <property name="Exif/ExposureTime" value="0.05"/>
          <property name="Exif/FNumber" value="2.2"/>
          <property name="Exif/FocalLength" value="3.8"/>
          <property name="Exif/FocalLengthIn35mmFilm" value="0"/>
          <property name="Exif/ISOSpeedRatings" value="800"/>
          <property name="Exif/Make" value="HUAWEI"/>
          <property name="Exif/Model" value="HUAWEI CAZ-AL10"/>
          <property name="Exif/ShutterSpeedValue" value="4.321"/>
          <property name="File/ImageHeight" value="3016"/>
          <property name="File/ImageWidth" value="4032"/>
          <property name="System/FileModifyDate" value="2018:06:30 17:13:55"/>
          <property name="System/FileSize" value="3187629"/>
        </meta>
      </photo>
    </camera>
    <camera camera_id="44">
      <photo path="D:/emmm/新建文件夹 (6)/IMG_20180630_171358.jpg">
        <meta>
          <property name="Exif/ApertureValue" value="2.27"/>
          <property name="Exif/DateTime" value="2018:06:30 17:13:58"/>
          <property name="Exif/DateTimeOriginal" value="2018:06:30 17:13:58"/>
          <property name="Exif/ExposureTime" value="0.0588235294117647"/>
          <property name="Exif/FNumber" value="2.2"/>
          <property name="Exif/FocalLength" value="3.8"/>
          <property name="Exif/FocalLengthIn35mmFilm" value="0"/>
          <property name="Exif/ISOSpeedRatings" value="800"/>
          <property name="Exif/Make" value="HUAWEI"/>
          <property name="Exif/Model" value="HUAWEI CAZ-AL10"/>
          <property name="Exif/ShutterSpeedValue" value="4.321"/>
          <property name="File/ImageHeight" value="3016"/>
          <property name="File/ImageWidth" value="4032"/>
          <property name="System/FileModifyDate" value="2018:06:30 17:13:59"/>
          <property name="System/FileSize" value="3733439"/>
        </meta>
      </photo>
    </camera>
    <camera camera_id="45">
      <photo path="D:/emmm/新建文件夹 (6)/IMG_20180630_171406.jpg">
        <meta>
          <property name="Exif/ApertureValue" value="2.27"/>
          <property name="Exif/DateTime" value="2018:06:30 17:14:07"/>
          <property name="Exif/DateTimeOriginal" value="2018:06:30 17:14:07"/>
          <property name="Exif/ExposureTime" value="0.0588235294117647"/>
          <property name="Exif/FNumber" value="2.2"/>
          <property name="Exif/FocalLength" value="3.8"/>
          <property name="Exif/FocalLengthIn35mmFilm" value="0"/>
          <property name="Exif/ISOSpeedRatings" value="1000"/>
          <property name="Exif/Make" value="HUAWEI"/>
          <property name="Exif/Model" value="HUAWEI CAZ-AL10"/>
          <property name="Exif/ShutterSpeedValue" value="4.058"/>
          <property name="File/ImageHeight" value="3016"/>
          <property name="File/ImageWidth" value="4032"/>
          <property name="System/FileModifyDate" value="2018:06:30 17:14:08"/>
          <property name="System/FileSize" value="2573125"/>
        </meta>
      </photo>
    </camera>
    <camera camera_id="46">
      <photo path="D:/emmm/新建文件夹 (6)/IMG_20180630_171412.jpg">
        <meta>
          <property name="Exif/ApertureValue" value="2.27"/>
          <property name="Exif/DateTime" value="2018:06:30 17:14:12"/>
          <property name="Exif/DateTimeOriginal" value="2018:06:30 17:14:12"/>
          <property name="Exif/ExposureTime" value="0.05"/>
          <property name="Exif/FNumber" value="2.2"/>
          <property name="Exif/FocalLength" value="3.8"/>
          <property name="Exif/FocalLengthIn35mmFilm" value="0"/>
          <property name="Exif/ISOSpeedRatings" value="500"/>
          <property name="Exif/Make" value="HUAWEI"/>
          <property name="Exif/Model" value="HUAWEI CAZ-AL10"/>
          <property name="Exif/ShutterSpeedValue" value="4.321"/>
          <property name="File/ImageHeight" value="3016"/>
          <property name="File/ImageWidth" value="4032"/>
          <property name="System/FileModifyDate" value="2018:06:30 17:14:13"/>
          <property name="System/FileSize" value="3135903"/>
        </meta>
      </photo>
    </camera>
    <camera camera_id="47">
      <photo path="D:/emmm/新建文件夹 (6)/IMG_20180630_171416.jpg">
        <meta>
          <property name="Exif/ApertureValue" value="2.27"/>
          <property name="Exif/DateTime" value="2018:06:30 17:14:16"/>
          <property name="Exif/DateTimeOriginal" value="2018:06:30 17:14:16"/>
          <property name="Exif/ExposureTime" value="0.0588235294117647"/>
          <property name="Exif/FNumber" value="2.2"/>
          <property name="Exif/FocalLength" value="3.8"/>
          <property name="Exif/FocalLengthIn35mmFilm" value="0"/>
          <property name="Exif/ISOSpeedRatings" value="800"/>
          <property name="Exif/Make" value="HUAWEI"/>
          <property name="Exif/Model" value="HUAWEI CAZ-AL10"/>
          <property name="Exif/ShutterSpeedValue" value="4.058"/>
          <property name="File/ImageHeight" value="3016"/>
          <property name="File/ImageWidth" value="4032"/>
          <property name="System/FileModifyDate" value="2018:06:30 17:14:18"/>
          <property name="System/FileSize" value="2574059"/>
        </meta>
      </photo>
    </camera>
    <camera camera_id="48">
      <photo path="D:/emmm/新建文件夹 (6)/IMG_20180630_171419.jpg">
        <meta>
          <property name="Exif/ApertureValue" value="2.27"/>
          <property name="Exif/DateTime" value="2018:06:30 17:14:19"/>
          <property name="Exif/DateTimeOriginal" value="2018:06:30 17:14:19"/>
          <property name="Exif/ExposureTime" value="0.0588235294117647"/>
          <property name="Exif/FNumber" value="2.2"/>
          <property name="Exif/FocalLength" value="3.8"/>
          <property name="Exif/FocalLengthIn35mmFilm" value="0"/>
          <property name="Exif/ISOSpeedRatings" value="800"/>
          <property name="Exif/Make" value="HUAWEI"/>
          <property name="Exif/Model" value="HUAWEI CAZ-AL10"/>
          <property name="Exif/ShutterSpeedValue" value="4.058"/>
          <property name="File/ImageHeight" value="3016"/>
          <property name="File/ImageWidth" value="4032"/>
          <property name="System/FileModifyDate" value="2018:06:30 17:14:21"/>
          <property name="System/FileSize" value="2735573"/>
        </meta>
      </photo>
    </camera>
    <camera camera_id="49">
      <photo path="D:/emmm/新建文件夹 (6)/IMG_20180630_171428.jpg">
        <meta>
          <property name="Exif/ApertureValue" value="2.27"/>
          <property name="Exif/DateTime" value="2018:06:30 17:14:28"/>
          <property name="Exif/DateTimeOriginal" value="2018:06:30 17:14:28"/>
          <property name="Exif/ExposureTime" value="0.0588235294117647"/>
          <property name="Exif/FNumber" value="2.2"/>
          <property name="Exif/FocalLength" value="3.8"/>
          <property name="Exif/FocalLengthIn35mmFilm" value="0"/>
          <property name="Exif/ISOSpeedRatings" value="800"/>
          <property name="Exif/Make" value="HUAWEI"/>
          <property name="Exif/Model" value="HUAWEI CAZ-AL10"/>
          <property name="Exif/ShutterSpeedValue" value="4.058"/>
          <property name="File/ImageHeight" value="3016"/>
          <property name="File/ImageWidth" value="4032"/>
          <property name="System/FileModifyDate" value="2018:06:30 17:14:30"/>
          <property name="System/FileSize" value="2383077"/>
        </meta>
      </photo>
    </camera>
    <camera camera_id="50">
      <photo path="D:/emmm/新建文件夹 (6)/IMG_20180630_171435.jpg">
        <meta>
          <property name="Exif/ApertureValue" value="2.27"/>
          <property name="Exif/DateTime" value="2018:06:30 17:14:35"/>
          <property name="Exif/DateTimeOriginal" value="2018:06:30 17:14:35"/>
          <property name="Exif/ExposureTime" value="0.0588235294117647"/>
          <property name="Exif/FNumber" value="2.2"/>
          <property name="Exif/FocalLength" value="3.8"/>
          <property name="Exif/FocalLengthIn35mmFilm" value="0"/>
          <property name="Exif/ISOSpeedRatings" value="800"/>
          <property name="Exif/Make" value="HUAWEI"/>
          <property name="Exif/Model" value="HUAWEI CAZ-AL10"/>
          <property name="Exif/ShutterSpeedValue" value="4.058"/>
          <property name="File/ImageHeight" value="3016"/>
          <property name="File/ImageWidth" value="4032"/>
          <property name="System/FileModifyDate" value="2018:06:30 17:14:36"/>
          <property name="System/FileSize" value="2390663"/>
        </meta>
      </photo>
    </camera>
    <camera camera_id="51">
      <photo path="D:/emmm/新建文件夹 (6)/IMG_20180630_171440.jpg">
        <meta>
          <property name="Exif/ApertureValue" value="2.27"/>
          <property name="Exif/DateTime" value="2018:06:30 17:14:40"/>
          <property name="Exif/DateTimeOriginal" value="2018:06:30 17:14:40"/>
          <property name="Exif/ExposureTime" value="0.0588235294117647"/>
          <property name="Exif/FNumber" value="2.2"/>
          <property name="Exif/FocalLength" value="3.8"/>
          <property name="Exif/FocalLengthIn35mmFilm" value="0"/>
          <property name="Exif/ISOSpeedRatings" value="800"/>
          <property name="Exif/Make" value="HUAWEI"/>
          <property name="Exif/Model" value="HUAWEI CAZ-AL10"/>
          <property name="Exif/ShutterSpeedValue" value="4.058"/>
          <property name="File/ImageHeight" value="3016"/>
          <property name="File/ImageWidth" value="4032"/>
          <property name="System/FileModifyDate" value="2018:06:30 17:14:40"/>
          <property name="System/FileSize" value="3541262"/>
        </meta>
      </photo>
    </camera>
    <camera camera_id="52">
      <photo path="D:/emmm/新建文件夹 (6)/IMG_20180630_171447.jpg">
        <meta>
          <property name="Exif/ApertureValue" value="2.27"/>
          <property name="Exif/DateTime" value="2018:06:30 17:14:47"/>
          <property name="Exif/DateTimeOriginal" value="2018:06:30 17:14:47"/>
          <property name="Exif/ExposureTime" value="0.0588235294117647"/>
          <property name="Exif/FNumber" value="2.2"/>
          <property name="Exif/FocalLength" value="3.8"/>
          <property name="Exif/FocalLengthIn35mmFilm" value="0"/>
          <property name="Exif/ISOSpeedRatings" value="800"/>
          <property name="Exif/Make" value="HUAWEI"/>
          <property name="Exif/Model" value="HUAWEI CAZ-AL10"/>
          <property name="Exif/ShutterSpeedValue" value="4.058"/>
          <property name="File/ImageHeight" value="3016"/>
          <property name="File/ImageWidth" value="4032"/>
          <property name="System/FileModifyDate" value="2018:06:30 17:14:48"/>
          <property name="System/FileSize" value="4249438"/>
        </meta>
      </photo>
    </camera>
    <camera camera_id="53">
      <photo path="D:/emmm/新建文件夹 (6)/IMG_20180630_171453.jpg">
        <meta>
          <property name="Exif/ApertureValue" value="2.27"/>
          <property name="Exif/DateTime" value="2018:06:30 17:14:53"/>
          <property name="Exif/DateTimeOriginal" value="2018:06:30 17:14:53"/>
          <property name="Exif/ExposureTime" value="0.0588235294117647"/>
          <property name="Exif/FNumber" value="2.2"/>
          <property name="Exif/FocalLength" value="3.8"/>
          <property name="Exif/FocalLengthIn35mmFilm" value="0"/>
          <property name="Exif/ISOSpeedRatings" value="800"/>
          <property name="Exif/Make" value="HUAWEI"/>
          <property name="Exif/Model" value="HUAWEI CAZ-AL10"/>
          <property name="Exif/ShutterSpeedValue" value="4.058"/>
          <property name="File/ImageHeight" value="3016"/>
          <property name="File/ImageWidth" value="4032"/>
          <property name="System/FileModifyDate" value="2018:06:30 17:14:55"/>
          <property name="System/FileSize" value="3151209"/>
        </meta>
      </photo>
    </camera>
    <camera camera_id="54">
      <photo path="D:/emmm/新建文件夹 (6)/IMG_20180630_171456.jpg">
        <meta>
          <property name="Exif/ApertureValue" value="2.27"/>
          <property name="Exif/DateTime" value="2018:06:30 17:14:56"/>
          <property name="Exif/DateTimeOriginal" value="2018:06:30 17:14:56"/>
          <property name="Exif/ExposureTime" value="0.05"/>
          <property name="Exif/FNumber" value="2.2"/>
          <property name="Exif/FocalLength" value="3.8"/>
          <property name="Exif/FocalLengthIn35mmFilm" value="0"/>
          <property name="Exif/ISOSpeedRatings" value="800"/>
          <property name="Exif/Make" value="HUAWEI"/>
          <property name="Exif/Model" value="HUAWEI CAZ-AL10"/>
          <property name="Exif/ShutterSpeedValue" value="4.321"/>
          <property name="File/ImageHeight" value="3016"/>
          <property name="File/ImageWidth" value="4032"/>
          <property name="System/FileModifyDate" value="2018:06:30 17:14:57"/>
          <property name="System/FileSize" value="3667690"/>
        </meta>
      </photo>
    </camera>
    <camera camera_id="55">
      <photo path="D:/emmm/新建文件夹 (6)/IMG_20180630_171500.jpg">
        <meta>
          <property name="Exif/ApertureValue" value="2.27"/>
          <property name="Exif/DateTime" value="2018:06:30 17:15:00"/>
          <property name="Exif/DateTimeOriginal" value="2018:06:30 17:15:00"/>
          <property name="Exif/ExposureTime" value="0.05"/>
          <property name="Exif/FNumber" value="2.2"/>
          <property name="Exif/FocalLength" value="3.8"/>
          <property name="Exif/FocalLengthIn35mmFilm" value="0"/>
          <property name="Exif/ISOSpeedRatings" value="800"/>
          <property name="Exif/Make" value="HUAWEI"/>
          <property name="Exif/Model" value="HUAWEI CAZ-AL10"/>
          <property name="Exif/ShutterSpeedValue" value="4.321"/>
          <property name="File/ImageHeight" value="3016"/>
          <property name="File/ImageWidth" value="4032"/>
          <property name="System/FileModifyDate" value="2018:06:30 17:15:01"/>
          <property name="System/FileSize" value="3725074"/>
        </meta>
      </photo>
    </camera>
    <camera camera_id="56">
      <photo path="D:/emmm/新建文件夹 (6)/IMG_20180630_171506.jpg">
        <meta>
          <property name="Exif/ApertureValue" value="2.27"/>
          <property name="Exif/DateTime" value="2018:06:30 17:15:06"/>
          <property name="Exif/DateTimeOriginal" value="2018:06:30 17:15:06"/>
          <property name="Exif/ExposureTime" value="0.0588235294117647"/>
          <property name="Exif/FNumber" value="2.2"/>
          <property name="Exif/FocalLength" value="3.8"/>
          <property name="Exif/FocalLengthIn35mmFilm" value="0"/>
          <property name="Exif/ISOSpeedRatings" value="800"/>
          <property name="Exif/Make" value="HUAWEI"/>
          <property name="Exif/Model" value="HUAWEI CAZ-AL10"/>
          <property name="Exif/ShutterSpeedValue" value="4.058"/>
          <property name="File/ImageHeight" value="3016"/>
          <property name="File/ImageWidth" value="4032"/>
          <property name="System/FileModifyDate" value="2018:06:30 17:15:07"/>
          <property name="System/FileSize" value="3660826"/>
        </meta>
      </photo>
    </camera>
    <camera camera_id="57">
      <photo path="D:/emmm/新建文件夹 (6)/IMG_20180630_171514.jpg">
        <meta>
          <property name="Exif/ApertureValue" value="2.27"/>
          <property name="Exif/DateTime" value="2018:06:30 17:15:14"/>
          <property name="Exif/DateTimeOriginal" value="2018:06:30 17:15:14"/>
          <property name="Exif/ExposureTime" value="0.0588235294117647"/>
          <property name="Exif/FNumber" value="2.2"/>
          <property name="Exif/FocalLength" value="3.8"/>
          <property name="Exif/FocalLengthIn35mmFilm" value="0"/>
          <property name="Exif/ISOSpeedRatings" value="800"/>
          <property name="Exif/Make" value="HUAWEI"/>
          <property name="Exif/Model" value="HUAWEI CAZ-AL10"/>
          <property name="Exif/ShutterSpeedValue" value="4.058"/>
          <property name="File/ImageHeight" value="3016"/>
          <property name="File/ImageWidth" value="4032"/>
          <property name="System/FileModifyDate" value="2018:06:30 17:15:14"/>
          <property name="System/FileSize" value="3957894"/>
        </meta>
      </photo>
    </camera>
    <camera camera_id="58">
      <photo path="D:/emmm/新建文件夹 (6)/IMG_20180630_171522.jpg">
        <meta>
          <property name="Exif/ApertureValue" value="2.27"/>
          <property name="Exif/DateTime" value="2018:06:30 17:15:22"/>
          <property name="Exif/DateTimeOriginal" value="2018:06:30 17:15:22"/>
          <property name="Exif/ExposureTime" value="0.05"/>
          <property name="Exif/FNumber" value="2.2"/>
          <property name="Exif/FocalLength" value="3.8"/>
          <property name="Exif/FocalLengthIn35mmFilm" value="0"/>
          <property name="Exif/ISOSpeedRatings" value="800"/>
          <property name="Exif/Make" value="HUAWEI"/>
          <property name="Exif/Model" value="HUAWEI CAZ-AL10"/>
          <property name="Exif/ShutterSpeedValue" value="4.321"/>
          <property name="File/ImageHeight" value="3016"/>
          <property name="File/ImageWidth" value="4032"/>
          <property name="System/FileModifyDate" value="2018:06:30 17:15:22"/>
          <property name="System/FileSize" value="3716976"/>
        </meta>
      </photo>
    </camera>
    <camera camera_id="59">
      <photo path="D:/emmm/新建文件夹 (6)/IMG_20180630_171527.jpg">
        <meta>
          <property name="Exif/ApertureValue" value="2.27"/>
          <property name="Exif/DateTime" value="2018:06:30 17:15:27"/>
          <property name="Exif/DateTimeOriginal" value="2018:06:30 17:15:27"/>
          <property name="Exif/ExposureTime" value="0.05"/>
          <property name="Exif/FNumber" value="2.2"/>
          <property name="Exif/FocalLength" value="3.8"/>
          <property name="Exif/FocalLengthIn35mmFilm" value="0"/>
          <property name="Exif/ISOSpeedRatings" value="800"/>
          <property name="Exif/Make" value="HUAWEI"/>
          <property name="Exif/Model" value="HUAWEI CAZ-AL10"/>
          <property name="Exif/ShutterSpeedValue" value="4.321"/>
          <property name="File/ImageHeight" value="3016"/>
          <property name="File/ImageWidth" value="4032"/>
          <property name="System/FileModifyDate" value="2018:06:30 17:15:28"/>
          <property name="System/FileSize" value="4156826"/>
        </meta>
      </photo>
    </camera>
    <camera camera_id="60">
      <photo path="D:/emmm/新建文件夹 (6)/IMG_20180630_171542.jpg">
        <meta>
          <property name="Exif/ApertureValue" value="2.27"/>
          <property name="Exif/DateTime" value="2018:06:30 17:15:42"/>
          <property name="Exif/DateTimeOriginal" value="2018:06:30 17:15:42"/>
          <property name="Exif/ExposureTime" value="0.05"/>
          <property name="Exif/FNumber" value="2.2"/>
          <property name="Exif/FocalLength" value="3.8"/>
          <property name="Exif/FocalLengthIn35mmFilm" value="0"/>
          <property name="Exif/ISOSpeedRatings" value="640"/>
          <property name="Exif/Make" value="HUAWEI"/>
          <property name="Exif/Model" value="HUAWEI CAZ-AL10"/>
          <property name="Exif/ShutterSpeedValue" value="4.321"/>
          <property name="File/ImageHeight" value="3016"/>
          <property name="File/ImageWidth" value="4032"/>
          <property name="System/FileModifyDate" value="2018:06:30 17:15:43"/>
          <property name="System/FileSize" value="3959193"/>
        </meta>
      </photo>
    </camera>
    <camera camera_id="61">
      <photo path="D:/emmm/新建文件夹 (6)/IMG_20180630_171554.jpg">
        <meta>
          <property name="Exif/ApertureValue" value="2.27"/>
          <property name="Exif/DateTime" value="2018:06:30 17:15:54"/>
          <property name="Exif/DateTimeOriginal" value="2018:06:30 17:15:54"/>
          <property name="Exif/ExposureTime" value="0.0588235294117647"/>
          <property name="Exif/FNumber" value="2.2"/>
          <property name="Exif/FocalLength" value="3.8"/>
          <property name="Exif/FocalLengthIn35mmFilm" value="0"/>
          <property name="Exif/ISOSpeedRatings" value="800"/>
          <property name="Exif/Make" value="HUAWEI"/>
          <property name="Exif/Model" value="HUAWEI CAZ-AL10"/>
          <property name="Exif/ShutterSpeedValue" value="4.058"/>
          <property name="File/ImageHeight" value="3016"/>
          <property name="File/ImageWidth" value="4032"/>
          <property name="System/FileModifyDate" value="2018:06:30 17:15:56"/>
          <property name="System/FileSize" value="2593602"/>
        </meta>
      </photo>
    </camera>
    <camera camera_id="62">
      <photo path="D:/emmm/新建文件夹 (6)/IMG_20180630_171558.jpg">
        <meta>
          <property name="Exif/ApertureValue" value="2.27"/>
          <property name="Exif/DateTime" value="2018:06:30 17:15:59"/>
          <property name="Exif/DateTimeOriginal" value="2018:06:30 17:15:59"/>
          <property name="Exif/ExposureTime" value="0.05"/>
          <property name="Exif/FNumber" value="2.2"/>
          <property name="Exif/FocalLength" value="3.8"/>
          <property name="Exif/FocalLengthIn35mmFilm" value="0"/>
          <property name="Exif/ISOSpeedRatings" value="800"/>
          <property name="Exif/Make" value="HUAWEI"/>
          <property name="Exif/Model" value="HUAWEI CAZ-AL10"/>
          <property name="Exif/ShutterSpeedValue" value="4.321"/>
          <property name="File/ImageHeight" value="3016"/>
          <property name="File/ImageWidth" value="4032"/>
          <property name="System/FileModifyDate" value="2018:06:30 17:15:59"/>
          <property name="System/FileSize" value="3736268"/>
        </meta>
      </photo>
    </camera>
    <camera camera_id="63">
      <photo path="D:/emmm/新建文件夹 (6)/IMG_20180630_171602.jpg">
        <meta>
          <property name="Exif/ApertureValue" value="2.27"/>
          <property name="Exif/DateTime" value="2018:06:30 17:16:02"/>
          <property name="Exif/DateTimeOriginal" value="2018:06:30 17:16:02"/>
          <property name="Exif/ExposureTime" value="0.0588235294117647"/>
          <property name="Exif/FNumber" value="2.2"/>
          <property name="Exif/FocalLength" value="3.8"/>
          <property name="Exif/FocalLengthIn35mmFilm" value="0"/>
          <property name="Exif/ISOSpeedRatings" value="800"/>
          <property name="Exif/Make" value="HUAWEI"/>
          <property name="Exif/Model" value="HUAWEI CAZ-AL10"/>
          <property name="Exif/ShutterSpeedValue" value="4.058"/>
          <property name="File/ImageHeight" value="3016"/>
          <property name="File/ImageWidth" value="4032"/>
          <property name="System/FileModifyDate" value="2018:06:30 17:16:03"/>
          <property name="System/FileSize" value="3666259"/>
        </meta>
      </photo>
    </camera>
    <camera camera_id="64">
      <photo path="D:/emmm/新建文件夹 (6)/IMG_20180630_171610.jpg">
        <meta>
          <property name="Exif/ApertureValue" value="2.27"/>
          <property name="Exif/DateTime" value="2018:06:30 17:16:11"/>
          <property name="Exif/DateTimeOriginal" value="2018:06:30 17:16:11"/>
          <property name="Exif/ExposureTime" value="0.0588235294117647"/>
          <property name="Exif/FNumber" value="2.2"/>
          <property name="Exif/FocalLength" value="3.8"/>
          <property name="Exif/FocalLengthIn35mmFilm" value="0"/>
          <property name="Exif/ISOSpeedRatings" value="1000"/>
          <property name="Exif/Make" value="HUAWEI"/>
          <property name="Exif/Model" value="HUAWEI CAZ-AL10"/>
          <property name="Exif/ShutterSpeedValue" value="4.058"/>
          <property name="File/ImageHeight" value="3016"/>
          <property name="File/ImageWidth" value="4032"/>
          <property name="System/FileModifyDate" value="2018:06:30 17:16:12"/>
          <property name="System/FileSize" value="2580239"/>
        </meta>
      </photo>
    </camera>
    <camera camera_id="65">
      <photo path="D:/emmm/新建文件夹 (6)/IMG_20180630_171615.jpg">
        <meta>
          <property name="Exif/ApertureValue" value="2.27"/>
          <property name="Exif/DateTime" value="2018:06:30 17:16:15"/>
          <property name="Exif/DateTimeOriginal" value="2018:06:30 17:16:15"/>
          <property name="Exif/ExposureTime" value="0.0588235294117647"/>
          <property name="Exif/FNumber" value="2.2"/>
          <property name="Exif/FocalLength" value="3.8"/>
          <property name="Exif/FocalLengthIn35mmFilm" value="0"/>
          <property name="Exif/ISOSpeedRatings" value="1000"/>
          <property name="Exif/Make" value="HUAWEI"/>
          <property name="Exif/Model" value="HUAWEI CAZ-AL10"/>
          <property name="Exif/ShutterSpeedValue" value="4.058"/>
          <property name="File/ImageHeight" value="3016"/>
          <property name="File/ImageWidth" value="4032"/>
          <property name="System/FileModifyDate" value="2018:06:30 17:16:17"/>
          <property name="System/FileSize" value="2851738"/>
        </meta>
      </photo>
    </camera>
    <camera camera_id="66">
      <photo path="D:/emmm/新建文件夹 (6)/IMG_20180630_171621.jpg">
        <meta>
          <property name="Exif/ApertureValue" value="2.27"/>
          <property name="Exif/DateTime" value="2018:06:30 17:16:21"/>
          <property name="Exif/DateTimeOriginal" value="2018:06:30 17:16:21"/>
          <property name="Exif/ExposureTime" value="0.0588235294117647"/>
          <property name="Exif/FNumber" value="2.2"/>
          <property name="Exif/FocalLength" value="3.8"/>
          <property name="Exif/FocalLengthIn35mmFilm" value="0"/>
          <property name="Exif/ISOSpeedRatings" value="1000"/>
          <property name="Exif/Make" value="HUAWEI"/>
          <property name="Exif/Model" value="HUAWEI CAZ-AL10"/>
          <property name="Exif/ShutterSpeedValue" value="4.058"/>
          <property name="File/ImageHeight" value="3016"/>
          <property name="File/ImageWidth" value="4032"/>
          <property name="System/FileModifyDate" value="2018:06:30 17:16:22"/>
          <property name="System/FileSize" value="2938240"/>
        </meta>
      </photo>
    </camera>
    <camera camera_id="67">
      <photo path="D:/emmm/新建文件夹 (6)/IMG_20180630_171623.jpg">
        <meta>
          <property name="Exif/ApertureValue" value="2.27"/>
          <property name="Exif/DateTime" value="2018:06:30 17:16:23"/>
          <property name="Exif/DateTimeOriginal" value="2018:06:30 17:16:23"/>
          <property name="Exif/ExposureTime" value="0.0588235294117647"/>
          <property name="Exif/FNumber" value="2.2"/>
          <property name="Exif/FocalLength" value="3.8"/>
          <property name="Exif/FocalLengthIn35mmFilm" value="0"/>
          <property name="Exif/ISOSpeedRatings" value="1000"/>
          <property name="Exif/Make" value="HUAWEI"/>
          <property name="Exif/Model" value="HUAWEI CAZ-AL10"/>
          <property name="Exif/ShutterSpeedValue" value="4.058"/>
          <property name="File/ImageHeight" value="3016"/>
          <property name="File/ImageWidth" value="4032"/>
          <property name="System/FileModifyDate" value="2018:06:30 17:16:25"/>
          <property name="System/FileSize" value="2817197"/>
        </meta>
      </photo>
    </camera>
    <camera camera_id="68">
      <photo path="D:/emmm/新建文件夹 (6)/IMG_20180630_171626.jpg">
        <meta>
          <property name="Exif/ApertureValue" value="2.27"/>
          <property name="Exif/DateTime" value="2018:06:30 17:16:26"/>
          <property name="Exif/DateTimeOriginal" value="2018:06:30 17:16:26"/>
          <property name="Exif/ExposureTime" value="0.05"/>
          <property name="Exif/FNumber" value="2.2"/>
          <property name="Exif/FocalLength" value="3.8"/>
          <property name="Exif/FocalLengthIn35mmFilm" value="0"/>
          <property name="Exif/ISOSpeedRatings" value="800"/>
          <property name="Exif/Make" value="HUAWEI"/>
          <property name="Exif/Model" value="HUAWEI CAZ-AL10"/>
          <property name="Exif/ShutterSpeedValue" value="4.321"/>
          <property name="File/ImageHeight" value="3016"/>
          <property name="File/ImageWidth" value="4032"/>
          <property name="System/FileModifyDate" value="2018:06:30 17:16:26"/>
          <property name="System/FileSize" value="3825242"/>
        </meta>
      </photo>
    </camera>
    <camera camera_id="69">
      <photo path="D:/emmm/新建文件夹 (6)/IMG_20180630_171629.jpg">
        <meta>
          <property name="Exif/ApertureValue" value="2.27"/>
          <property name="Exif/DateTime" value="2018:06:30 17:16:29"/>
          <property name="Exif/DateTimeOriginal" value="2018:06:30 17:16:29"/>
          <property name="Exif/ExposureTime" value="0.0588235294117647"/>
          <property name="Exif/FNumber" value="2.2"/>
          <property name="Exif/FocalLength" value="3.8"/>
          <property name="Exif/FocalLengthIn35mmFilm" value="0"/>
          <property name="Exif/ISOSpeedRatings" value="800"/>
          <property name="Exif/Make" value="HUAWEI"/>
          <property name="Exif/Model" value="HUAWEI CAZ-AL10"/>
          <property name="Exif/ShutterSpeedValue" value="4.058"/>
          <property name="File/ImageHeight" value="3016"/>
          <property name="File/ImageWidth" value="4032"/>
          <property name="System/FileModifyDate" value="2018:06:30 17:16:31"/>
          <property name="System/FileSize" value="2484879"/>
        </meta>
      </photo>
    </camera>
    <camera camera_id="70">
      <photo path="D:/emmm/新建文件夹 (6)/IMG_20180630_171635.jpg">
        <meta>
          <property name="Exif/ApertureValue" value="2.27"/>
          <property name="Exif/DateTime" value="2018:06:30 17:16:35"/>
          <property name="Exif/DateTimeOriginal" value="2018:06:30 17:16:35"/>
          <property name="Exif/ExposureTime" value="0.0588235294117647"/>
          <property name="Exif/FNumber" value="2.2"/>
          <property name="Exif/FocalLength" value="3.8"/>
          <property name="Exif/FocalLengthIn35mmFilm" value="0"/>
          <property name="Exif/ISOSpeedRatings" value="1250"/>
          <property name="Exif/Make" value="HUAWEI"/>
          <property name="Exif/Model" value="HUAWEI CAZ-AL10"/>
          <property name="Exif/ShutterSpeedValue" value="4.058"/>
          <property name="File/ImageHeight" value="3016"/>
          <property name="File/ImageWidth" value="4032"/>
          <property name="System/FileModifyDate" value="2018:06:30 17:16:37"/>
          <property name="System/FileSize" value="3073789"/>
        </meta>
      </photo>
    </camera>
    <camera camera_id="71">
      <photo path="D:/emmm/新建文件夹 (6)/IMG_20180630_171641.jpg">
        <meta>
          <property name="Exif/ApertureValue" value="2.27"/>
          <property name="Exif/DateTime" value="2018:06:30 17:16:41"/>
          <property name="Exif/DateTimeOriginal" value="2018:06:30 17:16:41"/>
          <property name="Exif/ExposureTime" value="0.0588235294117647"/>
          <property name="Exif/FNumber" value="2.2"/>
          <property name="Exif/FocalLength" value="3.8"/>
          <property name="Exif/FocalLengthIn35mmFilm" value="0"/>
          <property name="Exif/ISOSpeedRatings" value="1250"/>
          <property name="Exif/Make" value="HUAWEI"/>
          <property name="Exif/Model" value="HUAWEI CAZ-AL10"/>
          <property name="Exif/ShutterSpeedValue" value="4.058"/>
          <property name="File/ImageHeight" value="3016"/>
          <property name="File/ImageWidth" value="4032"/>
          <property name="System/FileModifyDate" value="2018:06:30 17:16:43"/>
          <property name="System/FileSize" value="2867071"/>
        </meta>
      </photo>
    </camera>
    <camera camera_id="72">
      <photo path="D:/emmm/新建文件夹 (6)/IMG_20180630_171649.jpg">
        <meta>
          <property name="Exif/ApertureValue" value="2.27"/>
          <property name="Exif/DateTime" value="2018:06:30 17:16:49"/>
          <property name="Exif/DateTimeOriginal" value="2018:06:30 17:16:49"/>
          <property name="Exif/ExposureTime" value="0.0588235294117647"/>
          <property name="Exif/FNumber" value="2.2"/>
          <property name="Exif/FocalLength" value="3.8"/>
          <property name="Exif/FocalLengthIn35mmFilm" value="0"/>
          <property name="Exif/ISOSpeedRatings" value="1000"/>
          <property name="Exif/Make" value="HUAWEI"/>
          <property name="Exif/Model" value="HUAWEI CAZ-AL10"/>
          <property name="Exif/ShutterSpeedValue" value="4.058"/>
          <property name="File/ImageHeight" value="3016"/>
          <property name="File/ImageWidth" value="4032"/>
          <property name="System/FileModifyDate" value="2018:06:30 17:16:51"/>
          <property name="System/FileSize" value="2875175"/>
        </meta>
      </photo>
    </camera>
    <camera camera_id="73">
      <photo path="D:/emmm/新建文件夹 (6)/IMG_20180630_171655.jpg">
        <meta>
          <property name="Exif/ApertureValue" value="2.27"/>
          <property name="Exif/DateTime" value="2018:06:30 17:16:55"/>
          <property name="Exif/DateTimeOriginal" value="2018:06:30 17:16:55"/>
          <property name="Exif/ExposureTime" value="0.0588235294117647"/>
          <property name="Exif/FNumber" value="2.2"/>
          <property name="Exif/FocalLength" value="3.8"/>
          <property name="Exif/FocalLengthIn35mmFilm" value="0"/>
          <property name="Exif/ISOSpeedRatings" value="1000"/>
          <property name="Exif/Make" value="HUAWEI"/>
          <property name="Exif/Model" value="HUAWEI CAZ-AL10"/>
          <property name="Exif/ShutterSpeedValue" value="4.058"/>
          <property name="File/ImageHeight" value="3016"/>
          <property name="File/ImageWidth" value="4032"/>
          <property name="System/FileModifyDate" value="2018:06:30 17:16:57"/>
          <property name="System/FileSize" value="2645753"/>
        </meta>
      </photo>
    </camera>
  </cameras>
  <thumbnails path="thumbnails/thumbnails.zip"/>
  <point_cloud path="point_cloud/point_cloud.zip"/>
  <dense_cloud path="dense_cloud/dense_cloud.zip"/>
  <model path="model/model.zip"/>
</frame>
