<?xml version="1.0" encoding="UTF-8"?>
<point_cloud version="1.2.0">
  <tracks path="tracks.ply" count="280855"/>
  <points path="points.ply" count="204014"/>
  <projections camera_id="0" path="p0.ply" count="3943"/>
  <projections camera_id="1" path="p1.ply" count="4145"/>
  <projections camera_id="2" path="p2.ply" count="4003"/>
  <projections camera_id="3" path="p3.ply" count="4033"/>
  <projections camera_id="4" path="p4.ply" count="4065"/>
  <projections camera_id="5" path="p5.ply" count="4065"/>
  <projections camera_id="6" path="p6.ply" count="4041"/>
  <projections camera_id="7" path="p7.ply" count="3995"/>
  <projections camera_id="8" path="p8.ply" count="3975"/>
  <projections camera_id="9" path="p9.ply" count="4023"/>
  <projections camera_id="10" path="p10.ply" count="4092"/>
  <projections camera_id="11" path="p11.ply" count="4095"/>
  <projections camera_id="12" path="p12.ply" count="4001"/>
  <projections camera_id="13" path="p13.ply" count="4009"/>
  <projections camera_id="14" path="p14.ply" count="3925"/>
  <projections camera_id="15" path="p15.ply" count="3758"/>
  <projections camera_id="16" path="p16.ply" count="3386"/>
  <projections camera_id="17" path="p17.ply" count="3490"/>
  <projections camera_id="18" path="p18.ply" count="3983"/>
  <projections camera_id="19" path="p19.ply" count="4104"/>
  <projections camera_id="20" path="p20.ply" count="4158"/>
  <projections camera_id="21" path="p21.ply" count="4049"/>
  <projections camera_id="22" path="p22.ply" count="2434"/>
  <projections camera_id="23" path="p23.ply" count="3932"/>
  <projections camera_id="24" path="p24.ply" count="4000"/>
  <projections camera_id="25" path="p25.ply" count="4177"/>
  <projections camera_id="26" path="p26.ply" count="4102"/>
  <projections camera_id="27" path="p27.ply" count="4079"/>
  <projections camera_id="28" path="p28.ply" count="4018"/>
  <projections camera_id="29" path="p29.ply" count="4154"/>
  <projections camera_id="30" path="p30.ply" count="4054"/>
  <projections camera_id="31" path="p31.ply" count="3995"/>
  <projections camera_id="32" path="p32.ply" count="4023"/>
  <projections camera_id="33" path="p33.ply" count="3828"/>
  <projections camera_id="34" path="p34.ply" count="4024"/>
  <projections camera_id="35" path="p35.ply" count="3980"/>
  <projections camera_id="36" path="p36.ply" count="3996"/>
  <projections camera_id="37" path="p37.ply" count="3983"/>
  <projections camera_id="38" path="p38.ply" count="4000"/>
  <projections camera_id="39" path="p39.ply" count="3946"/>
  <projections camera_id="40" path="p40.ply" count="3970"/>
  <projections camera_id="41" path="p41.ply" count="3835"/>
  <projections camera_id="42" path="p42.ply" count="3747"/>
  <projections camera_id="43" path="p43.ply" count="3964"/>
  <projections camera_id="44" path="p44.ply" count="3910"/>
  <projections camera_id="45" path="p45.ply" count="3297"/>
  <projections camera_id="46" path="p46.ply" count="3703"/>
  <projections camera_id="47" path="p47.ply" count="3731"/>
  <projections camera_id="48" path="p48.ply" count="3624"/>
  <projections camera_id="49" path="p49.ply" count="2874"/>
  <projections camera_id="50" path="p50.ply" count="2395"/>
  <projections camera_id="51" path="p51.ply" count="2504"/>
  <projections camera_id="52" path="p52.ply" count="2205"/>
  <projections camera_id="53" path="p53.ply" count="2120"/>
  <projections camera_id="54" path="p54.ply" count="1897"/>
  <projections camera_id="55" path="p55.ply" count="1512"/>
  <projections camera_id="56" path="p56.ply" count="1932"/>
  <projections camera_id="57" path="p57.ply" count="2133"/>
  <projections camera_id="58" path="p58.ply" count="2155"/>
  <projections camera_id="59" path="p59.ply" count="2365"/>
  <projections camera_id="60" path="p60.ply" count="2855"/>
  <projections camera_id="61" path="p61.ply" count="2917"/>
  <projections camera_id="62" path="p62.ply" count="2658"/>
  <projections camera_id="63" path="p63.ply" count="2911"/>
  <projections camera_id="64" path="p64.ply" count="2284"/>
  <projections camera_id="65" path="p65.ply" count="2482"/>
  <projections camera_id="66" path="p66.ply" count="2801"/>
  <projections camera_id="67" path="p67.ply" count="2956"/>
  <projections camera_id="68" path="p68.ply" count="3298"/>
  <projections camera_id="69" path="p69.ply" count="3403"/>
  <projections camera_id="70" path="p70.ply" count="4098"/>
  <projections camera_id="71" path="p71.ply" count="3986"/>
  <projections camera_id="72" path="p72.ply" count="3724"/>
  <projections camera_id="73" path="p73.ply" count="3999"/>
  <projections camera_id="74" path="p74.ply" count="3908"/>
  <projections camera_id="75" path="p75.ply" count="3983"/>
  <projections camera_id="76" path="p76.ply" count="3873"/>
  <projections camera_id="77" path="p77.ply" count="3296"/>
  <projections camera_id="78" path="p78.ply" count="3393"/>
  <projections camera_id="79" path="p79.ply" count="3315"/>
  <projections camera_id="80" path="p80.ply" count="3530"/>
  <projections camera_id="81" path="p81.ply" count="3207"/>
  <projections camera_id="82" path="p82.ply" count="2362"/>
  <projections camera_id="83" path="p83.ply" count="3010"/>
  <projections camera_id="84" path="p84.ply" count="3569"/>
  <projections camera_id="85" path="p85.ply" count="3106"/>
  <projections camera_id="86" path="p86.ply" count="2715"/>
  <projections camera_id="87" path="p87.ply" count="2291"/>
  <projections camera_id="88" path="p88.ply" count="2570"/>
  <projections camera_id="89" path="p89.ply" count="3112"/>
  <projections camera_id="90" path="p90.ply" count="3032"/>
  <projections camera_id="91" path="p91.ply" count="2811"/>
  <projections camera_id="92" path="p92.ply" count="2601"/>
  <projections camera_id="93" path="p93.ply" count="2207"/>
  <projections camera_id="94" path="p94.ply" count="3143"/>
  <projections camera_id="95" path="p95.ply" count="3320"/>
  <projections camera_id="96" path="p96.ply" count="2878"/>
  <projections camera_id="97" path="p97.ply" count="3368"/>
  <projections camera_id="98" path="p98.ply" count="3314"/>
  <projections camera_id="99" path="p99.ply" count="3126"/>
  <projections camera_id="100" path="p100.ply" count="2894"/>
  <projections camera_id="101" path="p101.ply" count="2782"/>
  <projections camera_id="102" path="p102.ply" count="4096"/>
  <projections camera_id="103" path="p103.ply" count="3960"/>
  <projections camera_id="104" path="p104.ply" count="2951"/>
  <projections camera_id="105" path="p105.ply" count="2877"/>
  <projections camera_id="106" path="p106.ply" count="2927"/>
  <projections camera_id="107" path="p107.ply" count="3405"/>
  <projections camera_id="108" path="p108.ply" count="2803"/>
  <projections camera_id="109" path="p109.ply" count="2027"/>
  <projections camera_id="110" path="p110.ply" count="3083"/>
  <projections camera_id="111" path="p111.ply" count="3898"/>
  <projections camera_id="112" path="p112.ply" count="3423"/>
  <projections camera_id="113" path="p113.ply" count="3540"/>
  <projections camera_id="114" path="p114.ply" count="3801"/>
  <projections camera_id="115" path="p115.ply" count="2779"/>
  <projections camera_id="116" path="p116.ply" count="2388"/>
  <projections camera_id="117" path="p117.ply" count="2284"/>
  <projections camera_id="118" path="p118.ply" count="2193"/>
  <projections camera_id="119" path="p119.ply" count="1660"/>
  <projections camera_id="120" path="p120.ply" count="2766"/>
  <projections camera_id="121" path="p121.ply" count="2674"/>
  <projections camera_id="122" path="p122.ply" count="3230"/>
  <projections camera_id="123" path="p123.ply" count="3377"/>
  <projections camera_id="124" path="p124.ply" count="1877"/>
  <projections camera_id="125" path="p125.ply" count="2360"/>
  <projections camera_id="126" path="p126.ply" count="2307"/>
  <projections camera_id="127" path="p127.ply" count="2675"/>
  <projections camera_id="128" path="p128.ply" count="2719"/>
  <projections camera_id="129" path="p129.ply" count="3240"/>
  <projections camera_id="130" path="p130.ply" count="3702"/>
  <projections camera_id="131" path="p131.ply" count="3474"/>
  <projections camera_id="132" path="p132.ply" count="3453"/>
  <projections camera_id="133" path="p133.ply" count="3777"/>
  <projections camera_id="134" path="p134.ply" count="4003"/>
  <projections camera_id="135" path="p135.ply" count="4077"/>
  <projections camera_id="136" path="p136.ply" count="4051"/>
  <projections camera_id="137" path="p137.ply" count="4006"/>
  <projections camera_id="138" path="p138.ply" count="3995"/>
  <projections camera_id="139" path="p139.ply" count="4054"/>
  <projections camera_id="140" path="p140.ply" count="4021"/>
  <projections camera_id="141" path="p141.ply" count="4014"/>
  <projections camera_id="142" path="p142.ply" count="4020"/>
  <projections camera_id="143" path="p143.ply" count="3530"/>
  <projections camera_id="144" path="p144.ply" count="3965"/>
  <projections camera_id="145" path="p145.ply" count="4990"/>
  <projections camera_id="146" path="p146.ply" count="4010"/>
  <projections camera_id="147" path="p147.ply" count="3953"/>
  <projections camera_id="148" path="p148.ply" count="4162"/>
  <projections camera_id="149" path="p149.ply" count="4131"/>
  <projections camera_id="150" path="p150.ply" count="4001"/>
  <projections camera_id="151" path="p151.ply" count="4027"/>
  <projections camera_id="152" path="p152.ply" count="3984"/>
  <projections camera_id="153" path="p153.ply" count="4143"/>
  <projections camera_id="154" path="p154.ply" count="4054"/>
  <projections camera_id="155" path="p155.ply" count="4020"/>
  <projections camera_id="156" path="p156.ply" count="4048"/>
  <projections camera_id="157" path="p157.ply" count="4044"/>
  <projections camera_id="158" path="p158.ply" count="4035"/>
  <projections camera_id="159" path="p159.ply" count="3979"/>
  <projections camera_id="160" path="p160.ply" count="4101"/>
  <projections camera_id="161" path="p161.ply" count="4070"/>
  <projections camera_id="162" path="p162.ply" count="4041"/>
  <projections camera_id="163" path="p163.ply" count="4020"/>
  <projections camera_id="164" path="p164.ply" count="3808"/>
  <projections camera_id="165" path="p165.ply" count="4057"/>
  <projections camera_id="166" path="p166.ply" count="4003"/>
  <projections camera_id="167" path="p167.ply" count="4128"/>
  <projections camera_id="168" path="p168.ply" count="3643"/>
  <projections camera_id="169" path="p169.ply" count="4198"/>
  <projections camera_id="170" path="p170.ply" count="3984"/>
  <projections camera_id="171" path="p171.ply" count="3729"/>
  <projections camera_id="172" path="p172.ply" count="3355"/>
  <projections camera_id="173" path="p173.ply" count="3638"/>
  <projections camera_id="174" path="p174.ply" count="2728"/>
  <projections camera_id="175" path="p175.ply" count="3020"/>
  <projections camera_id="176" path="p176.ply" count="3391"/>
  <projections camera_id="177" path="p177.ply" count="2790"/>
  <projections camera_id="178" path="p178.ply" count="3121"/>
  <projections camera_id="179" path="p179.ply" count="3512"/>
  <projections camera_id="180" path="p180.ply" count="2866"/>
  <projections camera_id="181" path="p181.ply" count="2514"/>
  <projections camera_id="182" path="p182.ply" count="2889"/>
  <projections camera_id="183" path="p183.ply" count="3294"/>
  <projections camera_id="184" path="p184.ply" count="3240"/>
  <projections camera_id="185" path="p185.ply" count="4121"/>
  <projections camera_id="186" path="p186.ply" count="3979"/>
  <projections camera_id="187" path="p187.ply" count="3325"/>
  <projections camera_id="188" path="p188.ply" count="2755"/>
  <projections camera_id="189" path="p189.ply" count="2702"/>
  <projections camera_id="190" path="p190.ply" count="2996"/>
  <projections camera_id="191" path="p191.ply" count="3385"/>
  <projections camera_id="192" path="p192.ply" count="4006"/>
  <projections camera_id="193" path="p193.ply" count="4010"/>
  <projections camera_id="194" path="p194.ply" count="4122"/>
  <projections camera_id="195" path="p195.ply" count="4051"/>
  <projections camera_id="196" path="p196.ply" count="4000"/>
  <projections camera_id="197" path="p197.ply" count="4026"/>
  <projections camera_id="198" path="p198.ply" count="3859"/>
  <projections camera_id="199" path="p199.ply" count="3620"/>
  <projections camera_id="200" path="p200.ply" count="3416"/>
  <projections camera_id="201" path="p201.ply" count="3288"/>
  <projections camera_id="202" path="p202.ply" count="3367"/>
  <projections camera_id="203" path="p203.ply" count="3235"/>
  <projections camera_id="204" path="p204.ply" count="3245"/>
  <projections camera_id="205" path="p205.ply" count="3443"/>
  <projections camera_id="206" path="p206.ply" count="3432"/>
  <projections camera_id="207" path="p207.ply" count="3458"/>
  <projections camera_id="208" path="p208.ply" count="2593"/>
  <projections camera_id="209" path="p209.ply" count="2857"/>
  <projections camera_id="210" path="p210.ply" count="3990"/>
  <projections camera_id="211" path="p211.ply" count="4008"/>
  <projections camera_id="212" path="p212.ply" count="3843"/>
  <projections camera_id="213" path="p213.ply" count="3942"/>
  <projections camera_id="214" path="p214.ply" count="3997"/>
  <projections camera_id="215" path="p215.ply" count="4527"/>
  <projections camera_id="216" path="p216.ply" count="3780"/>
  <projections camera_id="217" path="p217.ply" count="4022"/>
  <projections camera_id="218" path="p218.ply" count="3982"/>
  <projections camera_id="219" path="p219.ply" count="3993"/>
  <projections camera_id="220" path="p220.ply" count="3964"/>
  <projections camera_id="221" path="p221.ply" count="3026"/>
  <projections camera_id="222" path="p222.ply" count="2945"/>
  <projections camera_id="223" path="p223.ply" count="3174"/>
  <projections camera_id="224" path="p224.ply" count="4011"/>
  <projections camera_id="225" path="p225.ply" count="4013"/>
  <projections camera_id="226" path="p226.ply" count="3539"/>
  <projections camera_id="227" path="p227.ply" count="2973"/>
  <projections camera_id="228" path="p228.ply" count="3415"/>
  <projections camera_id="229" path="p229.ply" count="3619"/>
  <projections camera_id="230" path="p230.ply" count="2778"/>
  <projections camera_id="231" path="p231.ply" count="2433"/>
  <projections camera_id="232" path="p232.ply" count="2885"/>
  <projections camera_id="233" path="p233.ply" count="3038"/>
  <projections camera_id="234" path="p234.ply" count="2817"/>
  <projections camera_id="235" path="p235.ply" count="2984"/>
  <projections camera_id="236" path="p236.ply" count="3198"/>
  <projections camera_id="237" path="p237.ply" count="2906"/>
  <projections camera_id="238" path="p238.ply" count="2423"/>
  <projections camera_id="239" path="p239.ply" count="3520"/>
  <projections camera_id="240" path="p240.ply" count="3531"/>
  <projections camera_id="241" path="p241.ply" count="2590"/>
  <projections camera_id="242" path="p242.ply" count="2769"/>
  <projections camera_id="243" path="p243.ply" count="2969"/>
  <projections camera_id="244" path="p244.ply" count="2881"/>
  <projections camera_id="245" path="p245.ply" count="3040"/>
  <projections camera_id="246" path="p246.ply" count="2917"/>
  <projections camera_id="247" path="p247.ply" count="3026"/>
  <projections camera_id="248" path="p248.ply" count="2798"/>
  <projections camera_id="249" path="p249.ply" count="2283"/>
  <projections camera_id="250" path="p250.ply" count="2508"/>
  <projections camera_id="251" path="p251.ply" count="2660"/>
  <projections camera_id="252" path="p252.ply" count="2830"/>
  <projections camera_id="253" path="p253.ply" count="3079"/>
  <projections camera_id="254" path="p254.ply" count="2903"/>
  <projections camera_id="255" path="p255.ply" count="3322"/>
  <projections camera_id="256" path="p256.ply" count="4296"/>
  <projections camera_id="257" path="p257.ply" count="3981"/>
  <projections camera_id="258" path="p258.ply" count="2698"/>
  <projections camera_id="259" path="p259.ply" count="3049"/>
  <projections camera_id="260" path="p260.ply" count="3505"/>
  <projections camera_id="261" path="p261.ply" count="3156"/>
  <projections camera_id="262" path="p262.ply" count="3399"/>
  <projections camera_id="263" path="p263.ply" count="3388"/>
  <projections camera_id="264" path="p264.ply" count="3147"/>
  <projections camera_id="265" path="p265.ply" count="3111"/>
  <projections camera_id="266" path="p266.ply" count="3318"/>
  <projections camera_id="267" path="p267.ply" count="2938"/>
  <projections camera_id="268" path="p268.ply" count="2726"/>
  <projections camera_id="269" path="p269.ply" count="2673"/>
  <projections camera_id="270" path="p270.ply" count="3796"/>
  <projections camera_id="271" path="p271.ply" count="4032"/>
  <projections camera_id="272" path="p272.ply" count="3993"/>
  <projections camera_id="273" path="p273.ply" count="3805"/>
  <projections camera_id="274" path="p274.ply" count="3560"/>
  <projections camera_id="275" path="p275.ply" count="3549"/>
  <projections camera_id="276" path="p276.ply" count="2507"/>
  <meta>
    <property name="match/duration" value="3719.27"/>
    <property name="match/match_downscale" value="2"/>
    <property name="match/match_filter_mask" value="false"/>
    <property name="match/match_point_limit" value="40000"/>
    <property name="match/match_select_pairs" value="0"/>
    <property name="match/match_tiepoint_limit" value="4000"/>
  </meta>
</point_cloud>
