<?xml version="1.0" encoding="UTF-8"?>
<frame>
  <cameras>
    <camera camera_id="0">
      <photo path="D:/emmm/e/IMG_20180621_111929.jpg">
        <meta>
          <property name="Exif/ApertureValue" value="2.27"/>
          <property name="Exif/DateTime" value="2018:06:21 11:19:29"/>
          <property name="Exif/DateTimeOriginal" value="2018:06:21 11:19:29"/>
          <property name="Exif/ExposureTime" value="0.00173310225303293"/>
          <property name="Exif/FNumber" value="2.2"/>
          <property name="Exif/FocalLength" value="3.8"/>
          <property name="Exif/FocalLengthIn35mmFilm" value="0"/>
          <property name="Exif/ISOSpeedRatings" value="50"/>
          <property name="Exif/Make" value="HUAWEI"/>
          <property name="Exif/Model" value="HUAWEI CAZ-AL10"/>
          <property name="Exif/ShutterSpeedValue" value="9.171"/>
          <property name="File/ImageHeight" value="3016"/>
          <property name="File/ImageWidth" value="4032"/>
          <property name="System/FileModifyDate" value="2018:06:21 11:19:31"/>
          <property name="System/FileSize" value="3919029"/>
        </meta>
      </photo>
    </camera>
    <camera camera_id="1">
      <photo path="D:/emmm/e/IMG_20180621_111932.jpg">
        <meta>
          <property name="Exif/ApertureValue" value="2.27"/>
          <property name="Exif/DateTime" value="2018:06:21 11:19:32"/>
          <property name="Exif/DateTimeOriginal" value="2018:06:21 11:19:32"/>
          <property name="Exif/ExposureTime" value="0.00145985401459854"/>
          <property name="Exif/FNumber" value="2.2"/>
          <property name="Exif/FocalLength" value="3.8"/>
          <property name="Exif/FocalLengthIn35mmFilm" value="0"/>
          <property name="Exif/ISOSpeedRatings" value="50"/>
          <property name="Exif/Make" value="HUAWEI"/>
          <property name="Exif/Model" value="HUAWEI CAZ-AL10"/>
          <property name="Exif/ShutterSpeedValue" value="9.42"/>
          <property name="File/ImageHeight" value="3016"/>
          <property name="File/ImageWidth" value="4032"/>
          <property name="System/FileModifyDate" value="2018:06:21 11:19:33"/>
          <property name="System/FileSize" value="3600363"/>
        </meta>
      </photo>
    </camera>
    <camera camera_id="2">
      <photo path="D:/emmm/e/IMG_20180621_111933.jpg">
        <meta>
          <property name="Exif/ApertureValue" value="2.27"/>
          <property name="Exif/DateTime" value="2018:06:21 11:19:34"/>
          <property name="Exif/DateTimeOriginal" value="2018:06:21 11:19:34"/>
          <property name="Exif/ExposureTime" value="0.00104712041884817"/>
          <property name="Exif/FNumber" value="2.2"/>
          <property name="Exif/FocalLength" value="3.8"/>
          <property name="Exif/FocalLengthIn35mmFilm" value="0"/>
          <property name="Exif/ISOSpeedRatings" value="50"/>
          <property name="Exif/Make" value="HUAWEI"/>
          <property name="Exif/Model" value="HUAWEI CAZ-AL10"/>
          <property name="Exif/ShutterSpeedValue" value="9.899"/>
          <property name="File/ImageHeight" value="3016"/>
          <property name="File/ImageWidth" value="4032"/>
          <property name="System/FileModifyDate" value="2018:06:21 11:19:35"/>
          <property name="System/FileSize" value="3301969"/>
        </meta>
      </photo>
    </camera>
    <camera camera_id="3">
      <photo path="D:/emmm/e/IMG_20180621_111935.jpg">
        <meta>
          <property name="Exif/ApertureValue" value="2.27"/>
          <property name="Exif/DateTime" value="2018:06:21 11:19:35"/>
          <property name="Exif/DateTimeOriginal" value="2018:06:21 11:19:35"/>
          <property name="Exif/ExposureTime" value="0.00104712041884817"/>
          <property name="Exif/FNumber" value="2.2"/>
          <property name="Exif/FocalLength" value="3.8"/>
          <property name="Exif/FocalLengthIn35mmFilm" value="0"/>
          <property name="Exif/ISOSpeedRatings" value="50"/>
          <property name="Exif/Make" value="HUAWEI"/>
          <property name="Exif/Model" value="HUAWEI CAZ-AL10"/>
          <property name="Exif/ShutterSpeedValue" value="9.899"/>
          <property name="File/ImageHeight" value="3016"/>
          <property name="File/ImageWidth" value="4032"/>
          <property name="System/FileModifyDate" value="2018:06:21 11:19:36"/>
          <property name="System/FileSize" value="3373075"/>
        </meta>
      </photo>
    </camera>
    <camera camera_id="4">
      <photo path="D:/emmm/e/IMG_20180621_111936.jpg">
        <meta>
          <property name="Exif/ApertureValue" value="2.27"/>
          <property name="Exif/DateTime" value="2018:06:21 11:19:37"/>
          <property name="Exif/DateTimeOriginal" value="2018:06:21 11:19:37"/>
          <property name="Exif/ExposureTime" value="0.00110987791342952"/>
          <property name="Exif/FNumber" value="2.2"/>
          <property name="Exif/FocalLength" value="3.8"/>
          <property name="Exif/FocalLengthIn35mmFilm" value="0"/>
          <property name="Exif/ISOSpeedRatings" value="50"/>
          <property name="Exif/Make" value="HUAWEI"/>
          <property name="Exif/Model" value="HUAWEI CAZ-AL10"/>
          <property name="Exif/ShutterSpeedValue" value="9.814"/>
          <property name="File/ImageHeight" value="3016"/>
          <property name="File/ImageWidth" value="4032"/>
          <property name="System/FileModifyDate" value="2018:06:21 11:19:38"/>
          <property name="System/FileSize" value="3460827"/>
        </meta>
      </photo>
    </camera>
    <camera camera_id="5">
      <photo path="D:/emmm/e/IMG_20180621_111938.jpg">
        <meta>
          <property name="Exif/ApertureValue" value="2.27"/>
          <property name="Exif/DateTime" value="2018:06:21 11:19:38"/>
          <property name="Exif/DateTimeOriginal" value="2018:06:21 11:19:38"/>
          <property name="Exif/ExposureTime" value="0.00124843945068664"/>
          <property name="Exif/FNumber" value="2.2"/>
          <property name="Exif/FocalLength" value="3.8"/>
          <property name="Exif/FocalLengthIn35mmFilm" value="0"/>
          <property name="Exif/ISOSpeedRatings" value="50"/>
          <property name="Exif/Make" value="HUAWEI"/>
          <property name="Exif/Model" value="HUAWEI CAZ-AL10"/>
          <property name="Exif/ShutterSpeedValue" value="9.646"/>
          <property name="File/ImageHeight" value="3016"/>
          <property name="File/ImageWidth" value="4032"/>
          <property name="System/FileModifyDate" value="2018:06:21 11:19:39"/>
          <property name="System/FileSize" value="3564900"/>
        </meta>
      </photo>
    </camera>
    <camera camera_id="6">
      <photo path="D:/emmm/e/IMG_20180621_111939.jpg">
        <meta>
          <property name="Exif/ApertureValue" value="2.27"/>
          <property name="Exif/DateTime" value="2018:06:21 11:19:40"/>
          <property name="Exif/DateTimeOriginal" value="2018:06:21 11:19:40"/>
          <property name="Exif/ExposureTime" value="0.00107874865156419"/>
          <property name="Exif/FNumber" value="2.2"/>
          <property name="Exif/FocalLength" value="3.8"/>
          <property name="Exif/FocalLengthIn35mmFilm" value="0"/>
          <property name="Exif/ISOSpeedRatings" value="50"/>
          <property name="Exif/Make" value="HUAWEI"/>
          <property name="Exif/Model" value="HUAWEI CAZ-AL10"/>
          <property name="Exif/ShutterSpeedValue" value="9.856"/>
          <property name="File/ImageHeight" value="3016"/>
          <property name="File/ImageWidth" value="4032"/>
          <property name="System/FileModifyDate" value="2018:06:21 11:19:41"/>
          <property name="System/FileSize" value="3398303"/>
        </meta>
      </photo>
    </camera>
    <camera camera_id="7">
      <photo path="D:/emmm/e/IMG_20180621_111941.jpg">
        <meta>
          <property name="Exif/ApertureValue" value="2.27"/>
          <property name="Exif/DateTime" value="2018:06:21 11:19:41"/>
          <property name="Exif/DateTimeOriginal" value="2018:06:21 11:19:41"/>
          <property name="Exif/ExposureTime" value="0.00099403578528827"/>
          <property name="Exif/FNumber" value="2.2"/>
          <property name="Exif/FocalLength" value="3.8"/>
          <property name="Exif/FocalLengthIn35mmFilm" value="0"/>
          <property name="Exif/ISOSpeedRatings" value="50"/>
          <property name="Exif/Make" value="HUAWEI"/>
          <property name="Exif/Model" value="HUAWEI CAZ-AL10"/>
          <property name="Exif/ShutterSpeedValue" value="9.974"/>
          <property name="File/ImageHeight" value="3016"/>
          <property name="File/ImageWidth" value="4032"/>
          <property name="System/FileModifyDate" value="2018:06:21 11:19:42"/>
          <property name="System/FileSize" value="3221421"/>
        </meta>
      </photo>
    </camera>
    <camera camera_id="8">
      <photo path="D:/emmm/e/IMG_20180621_111942.jpg">
        <meta>
          <property name="Exif/ApertureValue" value="2.27"/>
          <property name="Exif/DateTime" value="2018:06:21 11:19:42"/>
          <property name="Exif/DateTimeOriginal" value="2018:06:21 11:19:42"/>
          <property name="Exif/ExposureTime" value="0.00099403578528827"/>
          <property name="Exif/FNumber" value="2.2"/>
          <property name="Exif/FocalLength" value="3.8"/>
          <property name="Exif/FocalLengthIn35mmFilm" value="0"/>
          <property name="Exif/ISOSpeedRatings" value="50"/>
          <property name="Exif/Make" value="HUAWEI"/>
          <property name="Exif/Model" value="HUAWEI CAZ-AL10"/>
          <property name="Exif/ShutterSpeedValue" value="9.974"/>
          <property name="File/ImageHeight" value="3016"/>
          <property name="File/ImageWidth" value="4032"/>
          <property name="System/FileModifyDate" value="2018:06:21 11:19:44"/>
          <property name="System/FileSize" value="3205632"/>
        </meta>
      </photo>
    </camera>
    <camera camera_id="9">
      <photo path="D:/emmm/e/IMG_20180621_112018.jpg">
        <meta>
          <property name="Exif/ApertureValue" value="2.27"/>
          <property name="Exif/DateTime" value="2018:06:21 11:20:18"/>
          <property name="Exif/DateTimeOriginal" value="2018:06:21 11:20:18"/>
          <property name="Exif/ExposureTime" value="0.00279329608938547"/>
          <property name="Exif/FNumber" value="2.2"/>
          <property name="Exif/FocalLength" value="3.8"/>
          <property name="Exif/FocalLengthIn35mmFilm" value="0"/>
          <property name="Exif/ISOSpeedRatings" value="50"/>
          <property name="Exif/Make" value="HUAWEI"/>
          <property name="Exif/Model" value="HUAWEI CAZ-AL10"/>
          <property name="Exif/ShutterSpeedValue" value="8.484"/>
          <property name="File/ImageHeight" value="4032"/>
          <property name="File/ImageWidth" value="3016"/>
          <property name="System/FileModifyDate" value="2018:06:21 11:20:20"/>
          <property name="System/FileSize" value="3987120"/>
        </meta>
      </photo>
    </camera>
    <camera camera_id="10">
      <photo path="D:/emmm/e/IMG_20180621_112023.jpg">
        <meta>
          <property name="Exif/ApertureValue" value="2.27"/>
          <property name="Exif/DateTime" value="2018:06:21 11:20:24"/>
          <property name="Exif/DateTimeOriginal" value="2018:06:21 11:20:24"/>
          <property name="Exif/ExposureTime" value="0.00233644859813084"/>
          <property name="Exif/FNumber" value="2.2"/>
          <property name="Exif/FocalLength" value="3.8"/>
          <property name="Exif/FocalLengthIn35mmFilm" value="0"/>
          <property name="Exif/ISOSpeedRatings" value="50"/>
          <property name="Exif/Make" value="HUAWEI"/>
          <property name="Exif/Model" value="HUAWEI CAZ-AL10"/>
          <property name="Exif/ShutterSpeedValue" value="8.741"/>
          <property name="File/ImageHeight" value="4032"/>
          <property name="File/ImageWidth" value="3016"/>
          <property name="System/FileModifyDate" value="2018:06:21 11:20:25"/>
          <property name="System/FileSize" value="3875954"/>
        </meta>
      </photo>
    </camera>
    <camera camera_id="11">
      <photo path="D:/emmm/e/IMG_20180621_112027.jpg">
        <meta>
          <property name="Exif/ApertureValue" value="2.27"/>
          <property name="Exif/DateTime" value="2018:06:21 11:20:28"/>
          <property name="Exif/DateTimeOriginal" value="2018:06:21 11:20:28"/>
          <property name="Exif/ExposureTime" value="0.00168067226890756"/>
          <property name="Exif/FNumber" value="2.2"/>
          <property name="Exif/FocalLength" value="3.8"/>
          <property name="Exif/FocalLengthIn35mmFilm" value="0"/>
          <property name="Exif/ISOSpeedRatings" value="50"/>
          <property name="Exif/Make" value="HUAWEI"/>
          <property name="Exif/Model" value="HUAWEI CAZ-AL10"/>
          <property name="Exif/ShutterSpeedValue" value="9.216"/>
          <property name="File/ImageHeight" value="4032"/>
          <property name="File/ImageWidth" value="3016"/>
          <property name="System/FileModifyDate" value="2018:06:21 11:20:29"/>
          <property name="System/FileSize" value="3781792"/>
        </meta>
      </photo>
    </camera>
    <camera camera_id="12">
      <photo path="D:/emmm/e/IMG_20180621_112036.jpg">
        <meta>
          <property name="Exif/ApertureValue" value="2.27"/>
          <property name="Exif/DateTime" value="2018:06:21 11:20:37"/>
          <property name="Exif/DateTimeOriginal" value="2018:06:21 11:20:37"/>
          <property name="Exif/ExposureTime" value="0.0028735632183908"/>
          <property name="Exif/FNumber" value="2.2"/>
          <property name="Exif/FocalLength" value="3.8"/>
          <property name="Exif/FocalLengthIn35mmFilm" value="0"/>
          <property name="Exif/ISOSpeedRatings" value="50"/>
          <property name="Exif/Make" value="HUAWEI"/>
          <property name="Exif/Model" value="HUAWEI CAZ-AL10"/>
          <property name="Exif/ShutterSpeedValue" value="8.441"/>
          <property name="File/ImageHeight" value="4032"/>
          <property name="File/ImageWidth" value="3016"/>
          <property name="System/FileModifyDate" value="2018:06:21 11:20:38"/>
          <property name="System/FileSize" value="3937088"/>
        </meta>
      </photo>
    </camera>
    <camera camera_id="13">
      <photo path="D:/emmm/e/IMG_20180621_112041.jpg">
        <meta>
          <property name="Exif/ApertureValue" value="2.27"/>
          <property name="Exif/DateTime" value="2018:06:21 11:20:41"/>
          <property name="Exif/DateTimeOriginal" value="2018:06:21 11:20:41"/>
          <property name="Exif/ExposureTime" value="0.00448430493273543"/>
          <property name="Exif/FNumber" value="2.2"/>
          <property name="Exif/FocalLength" value="3.8"/>
          <property name="Exif/FocalLengthIn35mmFilm" value="0"/>
          <property name="Exif/ISOSpeedRatings" value="50"/>
          <property name="Exif/Make" value="HUAWEI"/>
          <property name="Exif/Model" value="HUAWEI CAZ-AL10"/>
          <property name="Exif/ShutterSpeedValue" value="7.801"/>
          <property name="File/ImageHeight" value="4032"/>
          <property name="File/ImageWidth" value="3016"/>
          <property name="System/FileModifyDate" value="2018:06:21 11:20:43"/>
          <property name="System/FileSize" value="4017390"/>
        </meta>
      </photo>
    </camera>
    <camera camera_id="14">
      <photo path="D:/emmm/e/IMG_20180621_112045.jpg">
        <meta>
          <property name="Exif/ApertureValue" value="2.27"/>
          <property name="Exif/DateTime" value="2018:06:21 11:20:45"/>
          <property name="Exif/DateTimeOriginal" value="2018:06:21 11:20:45"/>
          <property name="Exif/ExposureTime" value="0.00386100386100386"/>
          <property name="Exif/FNumber" value="2.2"/>
          <property name="Exif/FocalLength" value="3.8"/>
          <property name="Exif/FocalLengthIn35mmFilm" value="0"/>
          <property name="Exif/ISOSpeedRatings" value="50"/>
          <property name="Exif/Make" value="HUAWEI"/>
          <property name="Exif/Model" value="HUAWEI CAZ-AL10"/>
          <property name="Exif/ShutterSpeedValue" value="8.017"/>
          <property name="File/ImageHeight" value="4032"/>
          <property name="File/ImageWidth" value="3016"/>
          <property name="System/FileModifyDate" value="2018:06:21 11:20:47"/>
          <property name="System/FileSize" value="4172599"/>
        </meta>
      </photo>
    </camera>
    <camera camera_id="15">
      <photo path="D:/emmm/e/IMG_20180621_112049.jpg">
        <meta>
          <property name="Exif/ApertureValue" value="2.27"/>
          <property name="Exif/DateTime" value="2018:06:21 11:20:49"/>
          <property name="Exif/DateTimeOriginal" value="2018:06:21 11:20:49"/>
          <property name="Exif/ExposureTime" value="0.00101522842639594"/>
          <property name="Exif/FNumber" value="2.2"/>
          <property name="Exif/FocalLength" value="3.8"/>
          <property name="Exif/FocalLengthIn35mmFilm" value="0"/>
          <property name="Exif/ISOSpeedRatings" value="50"/>
          <property name="Exif/Make" value="HUAWEI"/>
          <property name="Exif/Model" value="HUAWEI CAZ-AL10"/>
          <property name="Exif/ShutterSpeedValue" value="9.943"/>
          <property name="File/ImageHeight" value="4032"/>
          <property name="File/ImageWidth" value="3016"/>
          <property name="System/FileModifyDate" value="2018:06:21 11:20:51"/>
          <property name="System/FileSize" value="4409039"/>
        </meta>
      </photo>
    </camera>
    <camera camera_id="16">
      <photo path="D:/emmm/e/IMG_20180621_112052.jpg">
        <meta>
          <property name="Exif/ApertureValue" value="2.27"/>
          <property name="Exif/DateTime" value="2018:06:21 11:20:52"/>
          <property name="Exif/DateTimeOriginal" value="2018:06:21 11:20:52"/>
          <property name="Exif/ExposureTime" value="0.0048780487804878"/>
          <property name="Exif/FNumber" value="2.2"/>
          <property name="Exif/FocalLength" value="3.8"/>
          <property name="Exif/FocalLengthIn35mmFilm" value="0"/>
          <property name="Exif/ISOSpeedRatings" value="50"/>
          <property name="Exif/Make" value="HUAWEI"/>
          <property name="Exif/Model" value="HUAWEI CAZ-AL10"/>
          <property name="Exif/ShutterSpeedValue" value="7.677"/>
          <property name="File/ImageHeight" value="4032"/>
          <property name="File/ImageWidth" value="3016"/>
          <property name="System/FileModifyDate" value="2018:06:21 11:20:54"/>
          <property name="System/FileSize" value="4000211"/>
        </meta>
      </photo>
    </camera>
    <camera camera_id="17">
      <photo path="D:/emmm/e/IMG_20180621_112054.jpg">
        <meta>
          <property name="Exif/ApertureValue" value="2.27"/>
          <property name="Exif/DateTime" value="2018:06:21 11:20:55"/>
          <property name="Exif/DateTimeOriginal" value="2018:06:21 11:20:55"/>
          <property name="Exif/ExposureTime" value="0.00324675324675325"/>
          <property name="Exif/FNumber" value="2.2"/>
          <property name="Exif/FocalLength" value="3.8"/>
          <property name="Exif/FocalLengthIn35mmFilm" value="0"/>
          <property name="Exif/ISOSpeedRatings" value="50"/>
          <property name="Exif/Make" value="HUAWEI"/>
          <property name="Exif/Model" value="HUAWEI CAZ-AL10"/>
          <property name="Exif/ShutterSpeedValue" value="8.266"/>
          <property name="File/ImageHeight" value="4032"/>
          <property name="File/ImageWidth" value="3016"/>
          <property name="System/FileModifyDate" value="2018:06:21 11:20:56"/>
          <property name="System/FileSize" value="4507745"/>
        </meta>
      </photo>
    </camera>
    <camera camera_id="18">
      <photo path="D:/emmm/e/IMG_20180621_112057.jpg">
        <meta>
          <property name="Exif/ApertureValue" value="2.27"/>
          <property name="Exif/DateTime" value="2018:06:21 11:20:58"/>
          <property name="Exif/DateTimeOriginal" value="2018:06:21 11:20:58"/>
          <property name="Exif/ExposureTime" value="0.0028735632183908"/>
          <property name="Exif/FNumber" value="2.2"/>
          <property name="Exif/FocalLength" value="3.8"/>
          <property name="Exif/FocalLengthIn35mmFilm" value="0"/>
          <property name="Exif/ISOSpeedRatings" value="50"/>
          <property name="Exif/Make" value="HUAWEI"/>
          <property name="Exif/Model" value="HUAWEI CAZ-AL10"/>
          <property name="Exif/ShutterSpeedValue" value="8.441"/>
          <property name="File/ImageHeight" value="4032"/>
          <property name="File/ImageWidth" value="3016"/>
          <property name="System/FileModifyDate" value="2018:06:21 11:20:59"/>
          <property name="System/FileSize" value="4258815"/>
        </meta>
      </photo>
    </camera>
    <camera camera_id="19">
      <photo path="D:/emmm/e/IMG_20180621_112101.jpg">
        <meta>
          <property name="Exif/ApertureValue" value="2.27"/>
          <property name="Exif/DateTime" value="2018:06:21 11:21:01"/>
          <property name="Exif/DateTimeOriginal" value="2018:06:21 11:21:01"/>
          <property name="Exif/ExposureTime" value="0.00305810397553517"/>
          <property name="Exif/FNumber" value="2.2"/>
          <property name="Exif/FocalLength" value="3.8"/>
          <property name="Exif/FocalLengthIn35mmFilm" value="0"/>
          <property name="Exif/ISOSpeedRatings" value="50"/>
          <property name="Exif/Make" value="HUAWEI"/>
          <property name="Exif/Model" value="HUAWEI CAZ-AL10"/>
          <property name="Exif/ShutterSpeedValue" value="8.354"/>
          <property name="File/ImageHeight" value="4032"/>
          <property name="File/ImageWidth" value="3016"/>
          <property name="System/FileModifyDate" value="2018:06:21 11:21:01"/>
          <property name="System/FileSize" value="4383818"/>
        </meta>
      </photo>
    </camera>
    <camera camera_id="20">
      <photo path="D:/emmm/e/IMG_20180621_112103.jpg">
        <meta>
          <property name="Exif/ApertureValue" value="2.27"/>
          <property name="Exif/DateTime" value="2018:06:21 11:21:04"/>
          <property name="Exif/DateTimeOriginal" value="2018:06:21 11:21:04"/>
          <property name="Exif/ExposureTime" value="0.00334448160535117"/>
          <property name="Exif/FNumber" value="2.2"/>
          <property name="Exif/FocalLength" value="3.8"/>
          <property name="Exif/FocalLengthIn35mmFilm" value="0"/>
          <property name="Exif/ISOSpeedRatings" value="50"/>
          <property name="Exif/Make" value="HUAWEI"/>
          <property name="Exif/Model" value="HUAWEI CAZ-AL10"/>
          <property name="Exif/ShutterSpeedValue" value="8.225"/>
          <property name="File/ImageHeight" value="4032"/>
          <property name="File/ImageWidth" value="3016"/>
          <property name="System/FileModifyDate" value="2018:06:21 11:21:05"/>
          <property name="System/FileSize" value="4019181"/>
        </meta>
      </photo>
    </camera>
    <camera camera_id="21">
      <photo path="D:/emmm/e/IMG_20180621_112107.jpg">
        <meta>
          <property name="Exif/ApertureValue" value="2.27"/>
          <property name="Exif/DateTime" value="2018:06:21 11:21:07"/>
          <property name="Exif/DateTimeOriginal" value="2018:06:21 11:21:07"/>
          <property name="Exif/ExposureTime" value="0.00324675324675325"/>
          <property name="Exif/FNumber" value="2.2"/>
          <property name="Exif/FocalLength" value="3.8"/>
          <property name="Exif/FocalLengthIn35mmFilm" value="0"/>
          <property name="Exif/ISOSpeedRatings" value="50"/>
          <property name="Exif/Make" value="HUAWEI"/>
          <property name="Exif/Model" value="HUAWEI CAZ-AL10"/>
          <property name="Exif/ShutterSpeedValue" value="8.266"/>
          <property name="File/ImageHeight" value="4032"/>
          <property name="File/ImageWidth" value="3016"/>
          <property name="System/FileModifyDate" value="2018:06:21 11:21:08"/>
          <property name="System/FileSize" value="3953419"/>
        </meta>
      </photo>
    </camera>
    <camera camera_id="22">
      <photo path="D:/emmm/e/IMG_20180621_112109.jpg">
        <meta>
          <property name="Exif/ApertureValue" value="2.27"/>
          <property name="Exif/DateTime" value="2018:06:21 11:21:10"/>
          <property name="Exif/DateTimeOriginal" value="2018:06:21 11:21:10"/>
          <property name="Exif/ExposureTime" value="0.00364963503649635"/>
          <property name="Exif/FNumber" value="2.2"/>
          <property name="Exif/FocalLength" value="3.8"/>
          <property name="Exif/FocalLengthIn35mmFilm" value="0"/>
          <property name="Exif/ISOSpeedRatings" value="50"/>
          <property name="Exif/Make" value="HUAWEI"/>
          <property name="Exif/Model" value="HUAWEI CAZ-AL10"/>
          <property name="Exif/ShutterSpeedValue" value="8.098"/>
          <property name="File/ImageHeight" value="4032"/>
          <property name="File/ImageWidth" value="3016"/>
          <property name="System/FileModifyDate" value="2018:06:21 11:21:11"/>
          <property name="System/FileSize" value="4962334"/>
        </meta>
      </photo>
    </camera>
    <camera camera_id="23">
      <photo path="D:/emmm/e/IMG_20180621_112112.jpg">
        <meta>
          <property name="Exif/ApertureValue" value="2.27"/>
          <property name="Exif/DateTime" value="2018:06:21 11:21:13"/>
          <property name="Exif/DateTimeOriginal" value="2018:06:21 11:21:13"/>
          <property name="Exif/ExposureTime" value="0.00324675324675325"/>
          <property name="Exif/FNumber" value="2.2"/>
          <property name="Exif/FocalLength" value="3.8"/>
          <property name="Exif/FocalLengthIn35mmFilm" value="0"/>
          <property name="Exif/ISOSpeedRatings" value="50"/>
          <property name="Exif/Make" value="HUAWEI"/>
          <property name="Exif/Model" value="HUAWEI CAZ-AL10"/>
          <property name="Exif/ShutterSpeedValue" value="8.266"/>
          <property name="File/ImageHeight" value="4032"/>
          <property name="File/ImageWidth" value="3016"/>
          <property name="System/FileModifyDate" value="2018:06:21 11:21:14"/>
          <property name="System/FileSize" value="4434871"/>
        </meta>
      </photo>
    </camera>
    <camera camera_id="24">
      <photo path="D:/emmm/e/IMG_20180621_112115.jpg">
        <meta>
          <property name="Exif/ApertureValue" value="2.27"/>
          <property name="Exif/DateTime" value="2018:06:21 11:21:16"/>
          <property name="Exif/DateTimeOriginal" value="2018:06:21 11:21:16"/>
          <property name="Exif/ExposureTime" value="0.00324675324675325"/>
          <property name="Exif/FNumber" value="2.2"/>
          <property name="Exif/FocalLength" value="3.8"/>
          <property name="Exif/FocalLengthIn35mmFilm" value="0"/>
          <property name="Exif/ISOSpeedRatings" value="50"/>
          <property name="Exif/Make" value="HUAWEI"/>
          <property name="Exif/Model" value="HUAWEI CAZ-AL10"/>
          <property name="Exif/ShutterSpeedValue" value="8.266"/>
          <property name="File/ImageHeight" value="4032"/>
          <property name="File/ImageWidth" value="3016"/>
          <property name="System/FileModifyDate" value="2018:06:21 11:21:17"/>
          <property name="System/FileSize" value="4811973"/>
        </meta>
      </photo>
    </camera>
    <camera camera_id="25">
      <photo path="D:/emmm/e/IMG_20180621_112118.jpg">
        <meta>
          <property name="Exif/ApertureValue" value="2.27"/>
          <property name="Exif/DateTime" value="2018:06:21 11:21:19"/>
          <property name="Exif/DateTimeOriginal" value="2018:06:21 11:21:19"/>
          <property name="Exif/ExposureTime" value="0.0029673590504451"/>
          <property name="Exif/FNumber" value="2.2"/>
          <property name="Exif/FocalLength" value="3.8"/>
          <property name="Exif/FocalLengthIn35mmFilm" value="0"/>
          <property name="Exif/ISOSpeedRatings" value="50"/>
          <property name="Exif/Make" value="HUAWEI"/>
          <property name="Exif/Model" value="HUAWEI CAZ-AL10"/>
          <property name="Exif/ShutterSpeedValue" value="8.394"/>
          <property name="File/ImageHeight" value="4032"/>
          <property name="File/ImageWidth" value="3016"/>
          <property name="System/FileModifyDate" value="2018:06:21 11:21:20"/>
          <property name="System/FileSize" value="4453589"/>
        </meta>
      </photo>
    </camera>
    <camera camera_id="26">
      <photo path="D:/emmm/e/IMG_20180621_112121.jpg">
        <meta>
          <property name="Exif/ApertureValue" value="2.27"/>
          <property name="Exif/DateTime" value="2018:06:21 11:21:21"/>
          <property name="Exif/DateTimeOriginal" value="2018:06:21 11:21:21"/>
          <property name="Exif/ExposureTime" value="0.00279329608938547"/>
          <property name="Exif/FNumber" value="2.2"/>
          <property name="Exif/FocalLength" value="3.8"/>
          <property name="Exif/FocalLengthIn35mmFilm" value="0"/>
          <property name="Exif/ISOSpeedRatings" value="50"/>
          <property name="Exif/Make" value="HUAWEI"/>
          <property name="Exif/Model" value="HUAWEI CAZ-AL10"/>
          <property name="Exif/ShutterSpeedValue" value="8.484"/>
          <property name="File/ImageHeight" value="4032"/>
          <property name="File/ImageWidth" value="3016"/>
          <property name="System/FileModifyDate" value="2018:06:21 11:21:22"/>
          <property name="System/FileSize" value="4701355"/>
        </meta>
      </photo>
    </camera>
    <camera camera_id="27">
      <photo path="D:/emmm/e/IMG_20180621_112124.jpg">
        <meta>
          <property name="Exif/ApertureValue" value="2.27"/>
          <property name="Exif/DateTime" value="2018:06:21 11:21:24"/>
          <property name="Exif/DateTimeOriginal" value="2018:06:21 11:21:24"/>
          <property name="Exif/ExposureTime" value="0.00255754475703325"/>
          <property name="Exif/FNumber" value="2.2"/>
          <property name="Exif/FocalLength" value="3.8"/>
          <property name="Exif/FocalLengthIn35mmFilm" value="0"/>
          <property name="Exif/ISOSpeedRatings" value="50"/>
          <property name="Exif/Make" value="HUAWEI"/>
          <property name="Exif/Model" value="HUAWEI CAZ-AL10"/>
          <property name="Exif/ShutterSpeedValue" value="8.61"/>
          <property name="File/ImageHeight" value="4032"/>
          <property name="File/ImageWidth" value="3016"/>
          <property name="System/FileModifyDate" value="2018:06:21 11:21:25"/>
          <property name="System/FileSize" value="5439221"/>
        </meta>
      </photo>
    </camera>
    <camera camera_id="28">
      <photo path="D:/emmm/e/IMG_20180621_112126.jpg">
        <meta>
          <property name="Exif/ApertureValue" value="2.27"/>
          <property name="Exif/DateTime" value="2018:06:21 11:21:27"/>
          <property name="Exif/DateTimeOriginal" value="2018:06:21 11:21:27"/>
          <property name="Exif/ExposureTime" value="0.00240963855421687"/>
          <property name="Exif/FNumber" value="2.2"/>
          <property name="Exif/FocalLength" value="3.8"/>
          <property name="Exif/FocalLengthIn35mmFilm" value="0"/>
          <property name="Exif/ISOSpeedRatings" value="50"/>
          <property name="Exif/Make" value="HUAWEI"/>
          <property name="Exif/Model" value="HUAWEI CAZ-AL10"/>
          <property name="Exif/ShutterSpeedValue" value="8.696"/>
          <property name="File/ImageHeight" value="4032"/>
          <property name="File/ImageWidth" value="3016"/>
          <property name="System/FileModifyDate" value="2018:06:21 11:21:28"/>
          <property name="System/FileSize" value="5076967"/>
        </meta>
      </photo>
    </camera>
    <camera camera_id="29">
      <photo path="D:/emmm/e/IMG_20180621_112129.jpg">
        <meta>
          <property name="Exif/ApertureValue" value="2.27"/>
          <property name="Exif/DateTime" value="2018:06:21 11:21:29"/>
          <property name="Exif/DateTimeOriginal" value="2018:06:21 11:21:29"/>
          <property name="Exif/ExposureTime" value="0.00107874865156419"/>
          <property name="Exif/FNumber" value="2.2"/>
          <property name="Exif/FocalLength" value="3.8"/>
          <property name="Exif/FocalLengthIn35mmFilm" value="0"/>
          <property name="Exif/ISOSpeedRatings" value="50"/>
          <property name="Exif/Make" value="HUAWEI"/>
          <property name="Exif/Model" value="HUAWEI CAZ-AL10"/>
          <property name="Exif/ShutterSpeedValue" value="9.856"/>
          <property name="File/ImageHeight" value="4032"/>
          <property name="File/ImageWidth" value="3016"/>
          <property name="System/FileModifyDate" value="2018:06:21 11:21:30"/>
          <property name="System/FileSize" value="5750777"/>
        </meta>
      </photo>
    </camera>
    <camera camera_id="30">
      <photo path="D:/emmm/e/IMG_20180621_112130.jpg">
        <meta>
          <property name="Exif/ApertureValue" value="2.27"/>
          <property name="Exif/DateTime" value="2018:06:21 11:21:30"/>
          <property name="Exif/DateTimeOriginal" value="2018:06:21 11:21:30"/>
          <property name="Exif/ExposureTime" value="0.00158730158730159"/>
          <property name="Exif/FNumber" value="2.2"/>
          <property name="Exif/FocalLength" value="3.8"/>
          <property name="Exif/FocalLengthIn35mmFilm" value="0"/>
          <property name="Exif/ISOSpeedRatings" value="50"/>
          <property name="Exif/Make" value="HUAWEI"/>
          <property name="Exif/Model" value="HUAWEI CAZ-AL10"/>
          <property name="Exif/ShutterSpeedValue" value="9.551"/>
          <property name="File/ImageHeight" value="4032"/>
          <property name="File/ImageWidth" value="3016"/>
          <property name="System/FileModifyDate" value="2018:06:21 11:21:31"/>
          <property name="System/FileSize" value="5020610"/>
        </meta>
      </photo>
    </camera>
    <camera camera_id="31">
      <photo path="D:/emmm/e/IMG_20180621_112131.jpg">
        <meta>
          <property name="Exif/ApertureValue" value="2.27"/>
          <property name="Exif/DateTime" value="2018:06:21 11:21:31"/>
          <property name="Exif/DateTimeOriginal" value="2018:06:21 11:21:31"/>
          <property name="Exif/ExposureTime" value="0.00163934426229508"/>
          <property name="Exif/FNumber" value="2.2"/>
          <property name="Exif/FocalLength" value="3.8"/>
          <property name="Exif/FocalLengthIn35mmFilm" value="0"/>
          <property name="Exif/ISOSpeedRatings" value="50"/>
          <property name="Exif/Make" value="HUAWEI"/>
          <property name="Exif/Model" value="HUAWEI CAZ-AL10"/>
          <property name="Exif/ShutterSpeedValue" value="9.252"/>
          <property name="File/ImageHeight" value="4032"/>
          <property name="File/ImageWidth" value="3016"/>
          <property name="System/FileModifyDate" value="2018:06:21 11:21:31"/>
          <property name="System/FileSize" value="5032892"/>
        </meta>
      </photo>
    </camera>
    <camera camera_id="32">
      <photo path="D:/emmm/e/IMG_20180621_112132.jpg">
        <meta>
          <property name="Exif/ApertureValue" value="2.27"/>
          <property name="Exif/DateTime" value="2018:06:21 11:21:32"/>
          <property name="Exif/DateTimeOriginal" value="2018:06:21 11:21:32"/>
          <property name="Exif/ExposureTime" value="0.00184162062615101"/>
          <property name="Exif/FNumber" value="2.2"/>
          <property name="Exif/FocalLength" value="3.8"/>
          <property name="Exif/FocalLengthIn35mmFilm" value="0"/>
          <property name="Exif/ISOSpeedRatings" value="50"/>
          <property name="Exif/Make" value="HUAWEI"/>
          <property name="Exif/Model" value="HUAWEI CAZ-AL10"/>
          <property name="Exif/ShutterSpeedValue" value="9.128"/>
          <property name="File/ImageHeight" value="4032"/>
          <property name="File/ImageWidth" value="3016"/>
          <property name="System/FileModifyDate" value="2018:06:21 11:21:32"/>
          <property name="System/FileSize" value="5813195"/>
        </meta>
      </photo>
    </camera>
    <camera camera_id="33">
      <photo path="D:/emmm/e/IMG_20180621_112133.jpg">
        <meta>
          <property name="Exif/ApertureValue" value="2.27"/>
          <property name="Exif/DateTime" value="2018:06:21 11:21:33"/>
          <property name="Exif/DateTimeOriginal" value="2018:06:21 11:21:33"/>
          <property name="Exif/ExposureTime" value="0.00195694716242661"/>
          <property name="Exif/FNumber" value="2.2"/>
          <property name="Exif/FocalLength" value="3.8"/>
          <property name="Exif/FocalLengthIn35mmFilm" value="0"/>
          <property name="Exif/ISOSpeedRatings" value="50"/>
          <property name="Exif/Make" value="HUAWEI"/>
          <property name="Exif/Model" value="HUAWEI CAZ-AL10"/>
          <property name="Exif/ShutterSpeedValue" value="9.045"/>
          <property name="File/ImageHeight" value="4032"/>
          <property name="File/ImageWidth" value="3016"/>
          <property name="System/FileModifyDate" value="2018:06:21 11:21:33"/>
          <property name="System/FileSize" value="5462600"/>
        </meta>
      </photo>
    </camera>
    <camera camera_id="34">
      <photo path="D:/emmm/e/IMG_20180621_112134.jpg">
        <meta>
          <property name="Exif/ApertureValue" value="2.27"/>
          <property name="Exif/DateTime" value="2018:06:21 11:21:34"/>
          <property name="Exif/DateTimeOriginal" value="2018:06:21 11:21:34"/>
          <property name="Exif/ExposureTime" value="0.0020746887966805"/>
          <property name="Exif/FNumber" value="2.2"/>
          <property name="Exif/FocalLength" value="3.8"/>
          <property name="Exif/FocalLengthIn35mmFilm" value="0"/>
          <property name="Exif/ISOSpeedRatings" value="50"/>
          <property name="Exif/Make" value="HUAWEI"/>
          <property name="Exif/Model" value="HUAWEI CAZ-AL10"/>
          <property name="Exif/ShutterSpeedValue" value="8.914"/>
          <property name="File/ImageHeight" value="4032"/>
          <property name="File/ImageWidth" value="3016"/>
          <property name="System/FileModifyDate" value="2018:06:21 11:21:35"/>
          <property name="System/FileSize" value="4665904"/>
        </meta>
      </photo>
    </camera>
    <camera camera_id="35">
      <photo path="D:/emmm/e/IMG_20180621_112136.jpg">
        <meta>
          <property name="Exif/ApertureValue" value="2.27"/>
          <property name="Exif/DateTime" value="2018:06:21 11:21:37"/>
          <property name="Exif/DateTimeOriginal" value="2018:06:21 11:21:37"/>
          <property name="Exif/ExposureTime" value="0.00248756218905473"/>
          <property name="Exif/FNumber" value="2.2"/>
          <property name="Exif/FocalLength" value="3.8"/>
          <property name="Exif/FocalLengthIn35mmFilm" value="0"/>
          <property name="Exif/ISOSpeedRatings" value="50"/>
          <property name="Exif/Make" value="HUAWEI"/>
          <property name="Exif/Model" value="HUAWEI CAZ-AL10"/>
          <property name="Exif/ShutterSpeedValue" value="8.652"/>
          <property name="File/ImageHeight" value="4032"/>
          <property name="File/ImageWidth" value="3016"/>
          <property name="System/FileModifyDate" value="2018:06:21 11:21:38"/>
          <property name="System/FileSize" value="5455168"/>
        </meta>
      </photo>
    </camera>
    <camera camera_id="36">
      <photo path="D:/emmm/e/IMG_20180621_112138.jpg">
        <meta>
          <property name="Exif/ApertureValue" value="2.27"/>
          <property name="Exif/DateTime" value="2018:06:21 11:21:38"/>
          <property name="Exif/DateTimeOriginal" value="2018:06:21 11:21:38"/>
          <property name="Exif/ExposureTime" value="0.00255754475703325"/>
          <property name="Exif/FNumber" value="2.2"/>
          <property name="Exif/FocalLength" value="3.8"/>
          <property name="Exif/FocalLengthIn35mmFilm" value="0"/>
          <property name="Exif/ISOSpeedRatings" value="50"/>
          <property name="Exif/Make" value="HUAWEI"/>
          <property name="Exif/Model" value="HUAWEI CAZ-AL10"/>
          <property name="Exif/ShutterSpeedValue" value="8.61"/>
          <property name="File/ImageHeight" value="4032"/>
          <property name="File/ImageWidth" value="3016"/>
          <property name="System/FileModifyDate" value="2018:06:21 11:21:39"/>
          <property name="System/FileSize" value="5453125"/>
        </meta>
      </photo>
    </camera>
    <camera camera_id="37">
      <photo path="D:/emmm/e/IMG_20180621_112139.jpg">
        <meta>
          <property name="Exif/ApertureValue" value="2.27"/>
          <property name="Exif/DateTime" value="2018:06:21 11:21:39"/>
          <property name="Exif/DateTimeOriginal" value="2018:06:21 11:21:39"/>
          <property name="Exif/ExposureTime" value="0.0029673590504451"/>
          <property name="Exif/FNumber" value="2.2"/>
          <property name="Exif/FocalLength" value="3.8"/>
          <property name="Exif/FocalLengthIn35mmFilm" value="0"/>
          <property name="Exif/ISOSpeedRatings" value="50"/>
          <property name="Exif/Make" value="HUAWEI"/>
          <property name="Exif/Model" value="HUAWEI CAZ-AL10"/>
          <property name="Exif/ShutterSpeedValue" value="8.394"/>
          <property name="File/ImageHeight" value="4032"/>
          <property name="File/ImageWidth" value="3016"/>
          <property name="System/FileModifyDate" value="2018:06:21 11:21:40"/>
          <property name="System/FileSize" value="5884690"/>
        </meta>
      </photo>
    </camera>
    <camera camera_id="38">
      <photo path="D:/emmm/e/IMG_20180621_112140.jpg">
        <meta>
          <property name="Exif/ApertureValue" value="2.27"/>
          <property name="Exif/DateTime" value="2018:06:21 11:21:40"/>
          <property name="Exif/DateTimeOriginal" value="2018:06:21 11:21:40"/>
          <property name="Exif/ExposureTime" value="0.0028735632183908"/>
          <property name="Exif/FNumber" value="2.2"/>
          <property name="Exif/FocalLength" value="3.8"/>
          <property name="Exif/FocalLengthIn35mmFilm" value="0"/>
          <property name="Exif/ISOSpeedRatings" value="50"/>
          <property name="Exif/Make" value="HUAWEI"/>
          <property name="Exif/Model" value="HUAWEI CAZ-AL10"/>
          <property name="Exif/ShutterSpeedValue" value="8.394"/>
          <property name="File/ImageHeight" value="4032"/>
          <property name="File/ImageWidth" value="3016"/>
          <property name="System/FileModifyDate" value="2018:06:21 11:21:41"/>
          <property name="System/FileSize" value="6122689"/>
        </meta>
      </photo>
    </camera>
    <camera camera_id="39">
      <photo path="D:/emmm/e/IMG_20180621_112141.jpg">
        <meta>
          <property name="Exif/ApertureValue" value="2.27"/>
          <property name="Exif/DateTime" value="2018:06:21 11:21:41"/>
          <property name="Exif/DateTimeOriginal" value="2018:06:21 11:21:41"/>
          <property name="Exif/ExposureTime" value="0.00271739130434783"/>
          <property name="Exif/FNumber" value="2.2"/>
          <property name="Exif/FocalLength" value="3.8"/>
          <property name="Exif/FocalLengthIn35mmFilm" value="0"/>
          <property name="Exif/ISOSpeedRatings" value="50"/>
          <property name="Exif/Make" value="HUAWEI"/>
          <property name="Exif/Model" value="HUAWEI CAZ-AL10"/>
          <property name="Exif/ShutterSpeedValue" value="8.523"/>
          <property name="File/ImageHeight" value="4032"/>
          <property name="File/ImageWidth" value="3016"/>
          <property name="System/FileModifyDate" value="2018:06:21 11:21:41"/>
          <property name="System/FileSize" value="5701279"/>
        </meta>
      </photo>
    </camera>
    <camera camera_id="40">
      <photo path="D:/emmm/e/IMG_20180621_112142.jpg">
        <meta>
          <property name="Exif/ApertureValue" value="2.27"/>
          <property name="Exif/DateTime" value="2018:06:21 11:21:42"/>
          <property name="Exif/DateTimeOriginal" value="2018:06:21 11:21:42"/>
          <property name="Exif/ExposureTime" value="0.00233644859813084"/>
          <property name="Exif/FNumber" value="2.2"/>
          <property name="Exif/FocalLength" value="3.8"/>
          <property name="Exif/FocalLengthIn35mmFilm" value="0"/>
          <property name="Exif/ISOSpeedRatings" value="50"/>
          <property name="Exif/Make" value="HUAWEI"/>
          <property name="Exif/Model" value="HUAWEI CAZ-AL10"/>
          <property name="Exif/ShutterSpeedValue" value="8.741"/>
          <property name="File/ImageHeight" value="4032"/>
          <property name="File/ImageWidth" value="3016"/>
          <property name="System/FileModifyDate" value="2018:06:21 11:21:44"/>
          <property name="System/FileSize" value="5776873"/>
        </meta>
      </photo>
    </camera>
    <camera camera_id="41">
      <photo path="D:/emmm/e/IMG_20180621_112143.jpg">
        <meta>
          <property name="Exif/ApertureValue" value="2.27"/>
          <property name="Exif/DateTime" value="2018:06:21 11:21:44"/>
          <property name="Exif/DateTimeOriginal" value="2018:06:21 11:21:44"/>
          <property name="Exif/ExposureTime" value="0.00213675213675214"/>
          <property name="Exif/FNumber" value="2.2"/>
          <property name="Exif/FocalLength" value="3.8"/>
          <property name="Exif/FocalLengthIn35mmFilm" value="0"/>
          <property name="Exif/ISOSpeedRatings" value="50"/>
          <property name="Exif/Make" value="HUAWEI"/>
          <property name="Exif/Model" value="HUAWEI CAZ-AL10"/>
          <property name="Exif/ShutterSpeedValue" value="8.87"/>
          <property name="File/ImageHeight" value="4032"/>
          <property name="File/ImageWidth" value="3016"/>
          <property name="System/FileModifyDate" value="2018:06:21 11:21:45"/>
          <property name="System/FileSize" value="6109977"/>
        </meta>
      </photo>
    </camera>
    <camera camera_id="42">
      <photo path="D:/emmm/e/IMG_20180621_112144.jpg">
        <meta>
          <property name="Exif/ApertureValue" value="2.27"/>
          <property name="Exif/DateTime" value="2018:06:21 11:21:44"/>
          <property name="Exif/DateTimeOriginal" value="2018:06:21 11:21:44"/>
          <property name="Exif/ExposureTime" value="0.0020746887966805"/>
          <property name="Exif/FNumber" value="2.2"/>
          <property name="Exif/FocalLength" value="3.8"/>
          <property name="Exif/FocalLengthIn35mmFilm" value="0"/>
          <property name="Exif/ISOSpeedRatings" value="50"/>
          <property name="Exif/Make" value="HUAWEI"/>
          <property name="Exif/Model" value="HUAWEI CAZ-AL10"/>
          <property name="Exif/ShutterSpeedValue" value="8.828"/>
          <property name="File/ImageHeight" value="4032"/>
          <property name="File/ImageWidth" value="3016"/>
          <property name="System/FileModifyDate" value="2018:06:21 11:21:46"/>
          <property name="System/FileSize" value="6448674"/>
        </meta>
      </photo>
    </camera>
    <camera camera_id="43">
      <photo path="D:/emmm/e/IMG_20180621_112146.jpg">
        <meta>
          <property name="Exif/ApertureValue" value="2.27"/>
          <property name="Exif/DateTime" value="2018:06:21 11:21:46"/>
          <property name="Exif/DateTimeOriginal" value="2018:06:21 11:21:46"/>
          <property name="Exif/ExposureTime" value="0.0021978021978022"/>
          <property name="Exif/FNumber" value="2.2"/>
          <property name="Exif/FocalLength" value="3.8"/>
          <property name="Exif/FocalLengthIn35mmFilm" value="0"/>
          <property name="Exif/ISOSpeedRatings" value="50"/>
          <property name="Exif/Make" value="HUAWEI"/>
          <property name="Exif/Model" value="HUAWEI CAZ-AL10"/>
          <property name="Exif/ShutterSpeedValue" value="8.828"/>
          <property name="File/ImageHeight" value="4032"/>
          <property name="File/ImageWidth" value="3016"/>
          <property name="System/FileModifyDate" value="2018:06:21 11:21:47"/>
          <property name="System/FileSize" value="6094251"/>
        </meta>
      </photo>
    </camera>
    <camera camera_id="44">
      <photo path="D:/emmm/e/IMG_20180621_112148.jpg">
        <meta>
          <property name="Exif/ApertureValue" value="2.27"/>
          <property name="Exif/DateTime" value="2018:06:21 11:21:48"/>
          <property name="Exif/DateTimeOriginal" value="2018:06:21 11:21:48"/>
          <property name="Exif/ExposureTime" value="0.00279329608938547"/>
          <property name="Exif/FNumber" value="2.2"/>
          <property name="Exif/FocalLength" value="3.8"/>
          <property name="Exif/FocalLengthIn35mmFilm" value="0"/>
          <property name="Exif/ISOSpeedRatings" value="50"/>
          <property name="Exif/Make" value="HUAWEI"/>
          <property name="Exif/Model" value="HUAWEI CAZ-AL10"/>
          <property name="Exif/ShutterSpeedValue" value="8.484"/>
          <property name="File/ImageHeight" value="4032"/>
          <property name="File/ImageWidth" value="3016"/>
          <property name="System/FileModifyDate" value="2018:06:21 11:21:50"/>
          <property name="System/FileSize" value="5931318"/>
        </meta>
      </photo>
    </camera>
    <camera camera_id="45">
      <photo path="D:/emmm/e/IMG_20180621_112149.jpg">
        <meta>
          <property name="Exif/ApertureValue" value="2.27"/>
          <property name="Exif/DateTime" value="2018:06:21 11:21:49"/>
          <property name="Exif/DateTimeOriginal" value="2018:06:21 11:21:49"/>
          <property name="Exif/ExposureTime" value="0.00334448160535117"/>
          <property name="Exif/FNumber" value="2.2"/>
          <property name="Exif/FocalLength" value="3.8"/>
          <property name="Exif/FocalLengthIn35mmFilm" value="0"/>
          <property name="Exif/ISOSpeedRatings" value="50"/>
          <property name="Exif/Make" value="HUAWEI"/>
          <property name="Exif/Model" value="HUAWEI CAZ-AL10"/>
          <property name="Exif/ShutterSpeedValue" value="8.314"/>
          <property name="File/ImageHeight" value="4032"/>
          <property name="File/ImageWidth" value="3016"/>
          <property name="System/FileModifyDate" value="2018:06:21 11:21:50"/>
          <property name="System/FileSize" value="6215192"/>
        </meta>
      </photo>
    </camera>
    <camera camera_id="46">
      <photo path="D:/emmm/e/IMG_20180621_112150.jpg">
        <meta>
          <property name="Exif/ApertureValue" value="2.27"/>
          <property name="Exif/DateTime" value="2018:06:21 11:21:50"/>
          <property name="Exif/DateTimeOriginal" value="2018:06:21 11:21:50"/>
          <property name="Exif/ExposureTime" value="0.00423728813559322"/>
          <property name="Exif/FNumber" value="2.2"/>
          <property name="Exif/FocalLength" value="3.8"/>
          <property name="Exif/FocalLengthIn35mmFilm" value="0"/>
          <property name="Exif/ISOSpeedRatings" value="50"/>
          <property name="Exif/Make" value="HUAWEI"/>
          <property name="Exif/Model" value="HUAWEI CAZ-AL10"/>
          <property name="Exif/ShutterSpeedValue" value="7.932"/>
          <property name="File/ImageHeight" value="4032"/>
          <property name="File/ImageWidth" value="3016"/>
          <property name="System/FileModifyDate" value="2018:06:21 11:21:50"/>
          <property name="System/FileSize" value="5614084"/>
        </meta>
      </photo>
    </camera>
    <camera camera_id="47">
      <photo path="D:/emmm/e/IMG_20180621_112151.jpg">
        <meta>
          <property name="Exif/ApertureValue" value="2.27"/>
          <property name="Exif/DateTime" value="2018:06:21 11:21:51"/>
          <property name="Exif/DateTimeOriginal" value="2018:06:21 11:21:51"/>
          <property name="Exif/ExposureTime" value="0.00423728813559322"/>
          <property name="Exif/FNumber" value="2.2"/>
          <property name="Exif/FocalLength" value="3.8"/>
          <property name="Exif/FocalLengthIn35mmFilm" value="0"/>
          <property name="Exif/ISOSpeedRatings" value="50"/>
          <property name="Exif/Make" value="HUAWEI"/>
          <property name="Exif/Model" value="HUAWEI CAZ-AL10"/>
          <property name="Exif/ShutterSpeedValue" value="7.885"/>
          <property name="File/ImageHeight" value="4032"/>
          <property name="File/ImageWidth" value="3016"/>
          <property name="System/FileModifyDate" value="2018:06:21 11:21:51"/>
          <property name="System/FileSize" value="5148496"/>
        </meta>
      </photo>
    </camera>
    <camera camera_id="48">
      <photo path="D:/emmm/e/IMG_20180621_112152.jpg">
        <meta>
          <property name="Exif/ApertureValue" value="2.27"/>
          <property name="Exif/DateTime" value="2018:06:21 11:21:52"/>
          <property name="Exif/DateTimeOriginal" value="2018:06:21 11:21:52"/>
          <property name="Exif/ExposureTime" value="0.00518134715025907"/>
          <property name="Exif/FNumber" value="2.2"/>
          <property name="Exif/FocalLength" value="3.8"/>
          <property name="Exif/FocalLengthIn35mmFilm" value="0"/>
          <property name="Exif/ISOSpeedRatings" value="50"/>
          <property name="Exif/Make" value="HUAWEI"/>
          <property name="Exif/Model" value="HUAWEI CAZ-AL10"/>
          <property name="Exif/ShutterSpeedValue" value="7.595"/>
          <property name="File/ImageHeight" value="4032"/>
          <property name="File/ImageWidth" value="3016"/>
          <property name="System/FileModifyDate" value="2018:06:21 11:21:52"/>
          <property name="System/FileSize" value="5412486"/>
        </meta>
      </photo>
    </camera>
    <camera camera_id="49">
      <photo path="D:/emmm/e/IMG_20180621_112153.jpg">
        <meta>
          <property name="Exif/ApertureValue" value="2.27"/>
          <property name="Exif/DateTime" value="2018:06:21 11:21:53"/>
          <property name="Exif/DateTimeOriginal" value="2018:06:21 11:21:53"/>
          <property name="Exif/ExposureTime" value="0.00578034682080925"/>
          <property name="Exif/FNumber" value="2.2"/>
          <property name="Exif/FocalLength" value="3.8"/>
          <property name="Exif/FocalLengthIn35mmFilm" value="0"/>
          <property name="Exif/ISOSpeedRatings" value="50"/>
          <property name="Exif/Make" value="HUAWEI"/>
          <property name="Exif/Model" value="HUAWEI CAZ-AL10"/>
          <property name="Exif/ShutterSpeedValue" value="7.43"/>
          <property name="File/ImageHeight" value="4032"/>
          <property name="File/ImageWidth" value="3016"/>
          <property name="System/FileModifyDate" value="2018:06:21 11:21:53"/>
          <property name="System/FileSize" value="5542153"/>
        </meta>
      </photo>
    </camera>
    <camera camera_id="50">
      <photo path="D:/emmm/e/IMG_20180621_112153_1.jpg">
        <meta>
          <property name="Exif/ApertureValue" value="2.27"/>
          <property name="Exif/DateTime" value="2018:06:21 11:21:53"/>
          <property name="Exif/DateTimeOriginal" value="2018:06:21 11:21:53"/>
          <property name="Exif/ExposureTime" value="0.00613496932515337"/>
          <property name="Exif/FNumber" value="2.2"/>
          <property name="Exif/FocalLength" value="3.8"/>
          <property name="Exif/FocalLengthIn35mmFilm" value="0"/>
          <property name="Exif/ISOSpeedRatings" value="50"/>
          <property name="Exif/Make" value="HUAWEI"/>
          <property name="Exif/Model" value="HUAWEI CAZ-AL10"/>
          <property name="Exif/ShutterSpeedValue" value="7.349"/>
          <property name="File/ImageHeight" value="4032"/>
          <property name="File/ImageWidth" value="3016"/>
          <property name="System/FileModifyDate" value="2018:06:21 11:21:54"/>
          <property name="System/FileSize" value="5523010"/>
        </meta>
      </photo>
    </camera>
    <camera camera_id="51">
      <photo path="D:/emmm/e/IMG_20180621_112155.jpg">
        <meta>
          <property name="Exif/ApertureValue" value="2.27"/>
          <property name="Exif/DateTime" value="2018:06:21 11:21:55"/>
          <property name="Exif/DateTimeOriginal" value="2018:06:21 11:21:55"/>
          <property name="Exif/ExposureTime" value="0.00613496932515337"/>
          <property name="Exif/FNumber" value="2.2"/>
          <property name="Exif/FocalLength" value="3.8"/>
          <property name="Exif/FocalLengthIn35mmFilm" value="0"/>
          <property name="Exif/ISOSpeedRatings" value="50"/>
          <property name="Exif/Make" value="HUAWEI"/>
          <property name="Exif/Model" value="HUAWEI CAZ-AL10"/>
          <property name="Exif/ShutterSpeedValue" value="7.349"/>
          <property name="File/ImageHeight" value="4032"/>
          <property name="File/ImageWidth" value="3016"/>
          <property name="System/FileModifyDate" value="2018:06:21 11:21:55"/>
          <property name="System/FileSize" value="5065850"/>
        </meta>
      </photo>
    </camera>
    <camera camera_id="52">
      <photo path="D:/emmm/e/IMG_20180621_112156.jpg">
        <meta>
          <property name="Exif/ApertureValue" value="2.27"/>
          <property name="Exif/DateTime" value="2018:06:21 11:21:56"/>
          <property name="Exif/DateTimeOriginal" value="2018:06:21 11:21:56"/>
          <property name="Exif/ExposureTime" value="0.00578034682080925"/>
          <property name="Exif/FNumber" value="2.2"/>
          <property name="Exif/FocalLength" value="3.8"/>
          <property name="Exif/FocalLengthIn35mmFilm" value="0"/>
          <property name="Exif/ISOSpeedRatings" value="50"/>
          <property name="Exif/Make" value="HUAWEI"/>
          <property name="Exif/Model" value="HUAWEI CAZ-AL10"/>
          <property name="Exif/ShutterSpeedValue" value="7.349"/>
          <property name="File/ImageHeight" value="4032"/>
          <property name="File/ImageWidth" value="3016"/>
          <property name="System/FileModifyDate" value="2018:06:21 11:21:56"/>
          <property name="System/FileSize" value="4968488"/>
        </meta>
      </photo>
    </camera>
    <camera camera_id="53">
      <photo path="D:/emmm/e/IMG_20180621_112157.jpg">
        <meta>
          <property name="Exif/ApertureValue" value="2.27"/>
          <property name="Exif/DateTime" value="2018:06:21 11:21:57"/>
          <property name="Exif/DateTimeOriginal" value="2018:06:21 11:21:57"/>
          <property name="Exif/ExposureTime" value="0.00518134715025907"/>
          <property name="Exif/FNumber" value="2.2"/>
          <property name="Exif/FocalLength" value="3.8"/>
          <property name="Exif/FocalLengthIn35mmFilm" value="0"/>
          <property name="Exif/ISOSpeedRatings" value="50"/>
          <property name="Exif/Make" value="HUAWEI"/>
          <property name="Exif/Model" value="HUAWEI CAZ-AL10"/>
          <property name="Exif/ShutterSpeedValue" value="7.554"/>
          <property name="File/ImageHeight" value="4032"/>
          <property name="File/ImageWidth" value="3016"/>
          <property name="System/FileModifyDate" value="2018:06:21 11:21:57"/>
          <property name="System/FileSize" value="4937532"/>
        </meta>
      </photo>
    </camera>
    <camera camera_id="54">
      <photo path="D:/emmm/e/IMG_20180621_112158.jpg">
        <meta>
          <property name="Exif/ApertureValue" value="2.27"/>
          <property name="Exif/DateTime" value="2018:06:21 11:21:58"/>
          <property name="Exif/DateTimeOriginal" value="2018:06:21 11:21:58"/>
          <property name="Exif/ExposureTime" value="0.00531914893617021"/>
          <property name="Exif/FNumber" value="2.2"/>
          <property name="Exif/FocalLength" value="3.8"/>
          <property name="Exif/FocalLengthIn35mmFilm" value="0"/>
          <property name="Exif/ISOSpeedRatings" value="50"/>
          <property name="Exif/Make" value="HUAWEI"/>
          <property name="Exif/Model" value="HUAWEI CAZ-AL10"/>
          <property name="Exif/ShutterSpeedValue" value="7.554"/>
          <property name="File/ImageHeight" value="4032"/>
          <property name="File/ImageWidth" value="3016"/>
          <property name="System/FileModifyDate" value="2018:06:21 11:21:59"/>
          <property name="System/FileSize" value="5559892"/>
        </meta>
      </photo>
    </camera>
    <camera camera_id="55">
      <photo path="D:/emmm/e/IMG_20180621_112159.jpg">
        <meta>
          <property name="Exif/ApertureValue" value="2.27"/>
          <property name="Exif/DateTime" value="2018:06:21 11:21:59"/>
          <property name="Exif/DateTimeOriginal" value="2018:06:21 11:21:59"/>
          <property name="Exif/ExposureTime" value="0.00531914893617021"/>
          <property name="Exif/FNumber" value="2.2"/>
          <property name="Exif/FocalLength" value="3.8"/>
          <property name="Exif/FocalLengthIn35mmFilm" value="0"/>
          <property name="Exif/ISOSpeedRatings" value="50"/>
          <property name="Exif/Make" value="HUAWEI"/>
          <property name="Exif/Model" value="HUAWEI CAZ-AL10"/>
          <property name="Exif/ShutterSpeedValue" value="7.512"/>
          <property name="File/ImageHeight" value="4032"/>
          <property name="File/ImageWidth" value="3016"/>
          <property name="System/FileModifyDate" value="2018:06:21 11:22:00"/>
          <property name="System/FileSize" value="5685695"/>
        </meta>
      </photo>
    </camera>
    <camera camera_id="56">
      <photo path="D:/emmm/e/IMG_20180621_112200.jpg">
        <meta>
          <property name="Exif/ApertureValue" value="2.27"/>
          <property name="Exif/DateTime" value="2018:06:21 11:22:00"/>
          <property name="Exif/DateTimeOriginal" value="2018:06:21 11:22:00"/>
          <property name="Exif/ExposureTime" value="0.0050251256281407"/>
          <property name="Exif/FNumber" value="2.2"/>
          <property name="Exif/FocalLength" value="3.8"/>
          <property name="Exif/FocalLengthIn35mmFilm" value="0"/>
          <property name="Exif/ISOSpeedRatings" value="50"/>
          <property name="Exif/Make" value="HUAWEI"/>
          <property name="Exif/Model" value="HUAWEI CAZ-AL10"/>
          <property name="Exif/ShutterSpeedValue" value="7.637"/>
          <property name="File/ImageHeight" value="4032"/>
          <property name="File/ImageWidth" value="3016"/>
          <property name="System/FileModifyDate" value="2018:06:21 11:22:00"/>
          <property name="System/FileSize" value="5339506"/>
        </meta>
      </photo>
    </camera>
    <camera camera_id="57">
      <photo path="D:/emmm/e/IMG_20180621_112201.jpg">
        <meta>
          <property name="Exif/ApertureValue" value="2.27"/>
          <property name="Exif/DateTime" value="2018:06:21 11:22:01"/>
          <property name="Exif/DateTimeOriginal" value="2018:06:21 11:22:01"/>
          <property name="Exif/ExposureTime" value="0.00531914893617021"/>
          <property name="Exif/FNumber" value="2.2"/>
          <property name="Exif/FocalLength" value="3.8"/>
          <property name="Exif/FocalLengthIn35mmFilm" value="0"/>
          <property name="Exif/ISOSpeedRatings" value="50"/>
          <property name="Exif/Make" value="HUAWEI"/>
          <property name="Exif/Model" value="HUAWEI CAZ-AL10"/>
          <property name="Exif/ShutterSpeedValue" value="7.554"/>
          <property name="File/ImageHeight" value="4032"/>
          <property name="File/ImageWidth" value="3016"/>
          <property name="System/FileModifyDate" value="2018:06:21 11:22:01"/>
          <property name="System/FileSize" value="5710221"/>
        </meta>
      </photo>
    </camera>
    <camera camera_id="58">
      <photo path="D:/emmm/e/IMG_20180621_112202.jpg">
        <meta>
          <property name="Exif/ApertureValue" value="2.27"/>
          <property name="Exif/DateTime" value="2018:06:21 11:22:02"/>
          <property name="Exif/DateTimeOriginal" value="2018:06:21 11:22:02"/>
          <property name="Exif/ExposureTime" value="0.00531914893617021"/>
          <property name="Exif/FNumber" value="2.2"/>
          <property name="Exif/FocalLength" value="3.8"/>
          <property name="Exif/FocalLengthIn35mmFilm" value="0"/>
          <property name="Exif/ISOSpeedRatings" value="50"/>
          <property name="Exif/Make" value="HUAWEI"/>
          <property name="Exif/Model" value="HUAWEI CAZ-AL10"/>
          <property name="Exif/ShutterSpeedValue" value="7.554"/>
          <property name="File/ImageHeight" value="4032"/>
          <property name="File/ImageWidth" value="3016"/>
          <property name="System/FileModifyDate" value="2018:06:21 11:22:02"/>
          <property name="System/FileSize" value="5102077"/>
        </meta>
      </photo>
    </camera>
    <camera camera_id="59">
      <photo path="D:/emmm/e/IMG_20180621_112203.jpg">
        <meta>
          <property name="Exif/ApertureValue" value="2.27"/>
          <property name="Exif/DateTime" value="2018:06:21 11:22:03"/>
          <property name="Exif/DateTimeOriginal" value="2018:06:21 11:22:03"/>
          <property name="Exif/ExposureTime" value="0.0048780487804878"/>
          <property name="Exif/FNumber" value="2.2"/>
          <property name="Exif/FocalLength" value="3.8"/>
          <property name="Exif/FocalLengthIn35mmFilm" value="0"/>
          <property name="Exif/ISOSpeedRatings" value="50"/>
          <property name="Exif/Make" value="HUAWEI"/>
          <property name="Exif/Model" value="HUAWEI CAZ-AL10"/>
          <property name="Exif/ShutterSpeedValue" value="7.677"/>
          <property name="File/ImageHeight" value="4032"/>
          <property name="File/ImageWidth" value="3016"/>
          <property name="System/FileModifyDate" value="2018:06:21 11:22:03"/>
          <property name="System/FileSize" value="5231961"/>
        </meta>
      </photo>
    </camera>
    <camera camera_id="60">
      <photo path="D:/emmm/e/IMG_20180621_112204.jpg">
        <meta>
          <property name="Exif/ApertureValue" value="2.27"/>
          <property name="Exif/DateTime" value="2018:06:21 11:22:04"/>
          <property name="Exif/DateTimeOriginal" value="2018:06:21 11:22:04"/>
          <property name="Exif/ExposureTime" value="0.00396825396825397"/>
          <property name="Exif/FNumber" value="2.2"/>
          <property name="Exif/FocalLength" value="3.8"/>
          <property name="Exif/FocalLengthIn35mmFilm" value="0"/>
          <property name="Exif/ISOSpeedRatings" value="50"/>
          <property name="Exif/Make" value="HUAWEI"/>
          <property name="Exif/Model" value="HUAWEI CAZ-AL10"/>
          <property name="Exif/ShutterSpeedValue" value="7.842"/>
          <property name="File/ImageHeight" value="4032"/>
          <property name="File/ImageWidth" value="3016"/>
          <property name="System/FileModifyDate" value="2018:06:21 11:22:04"/>
          <property name="System/FileSize" value="4773790"/>
        </meta>
      </photo>
    </camera>
    <camera camera_id="61">
      <photo path="D:/emmm/e/IMG_20180621_112205.jpg">
        <meta>
          <property name="Exif/ApertureValue" value="2.27"/>
          <property name="Exif/DateTime" value="2018:06:21 11:22:05"/>
          <property name="Exif/DateTimeOriginal" value="2018:06:21 11:22:05"/>
          <property name="Exif/ExposureTime" value="0.00460829493087558"/>
          <property name="Exif/FNumber" value="2.2"/>
          <property name="Exif/FocalLength" value="3.8"/>
          <property name="Exif/FocalLengthIn35mmFilm" value="0"/>
          <property name="Exif/ISOSpeedRatings" value="50"/>
          <property name="Exif/Make" value="HUAWEI"/>
          <property name="Exif/Model" value="HUAWEI CAZ-AL10"/>
          <property name="Exif/ShutterSpeedValue" value="7.76"/>
          <property name="File/ImageHeight" value="4032"/>
          <property name="File/ImageWidth" value="3016"/>
          <property name="System/FileModifyDate" value="2018:06:21 11:22:05"/>
          <property name="System/FileSize" value="4747573"/>
        </meta>
      </photo>
    </camera>
    <camera camera_id="62">
      <photo path="D:/emmm/e/IMG_20180621_112206.jpg">
        <meta>
          <property name="Exif/ApertureValue" value="2.27"/>
          <property name="Exif/DateTime" value="2018:06:21 11:22:06"/>
          <property name="Exif/DateTimeOriginal" value="2018:06:21 11:22:06"/>
          <property name="Exif/ExposureTime" value="0.00531914893617021"/>
          <property name="Exif/FNumber" value="2.2"/>
          <property name="Exif/FocalLength" value="3.8"/>
          <property name="Exif/FocalLengthIn35mmFilm" value="0"/>
          <property name="Exif/ISOSpeedRatings" value="50"/>
          <property name="Exif/Make" value="HUAWEI"/>
          <property name="Exif/Model" value="HUAWEI CAZ-AL10"/>
          <property name="Exif/ShutterSpeedValue" value="7.595"/>
          <property name="File/ImageHeight" value="4032"/>
          <property name="File/ImageWidth" value="3016"/>
          <property name="System/FileModifyDate" value="2018:06:21 11:22:06"/>
          <property name="System/FileSize" value="5904561"/>
        </meta>
      </photo>
    </camera>
    <camera camera_id="63">
      <photo path="D:/emmm/e/IMG_20180621_112207.jpg">
        <meta>
          <property name="Exif/ApertureValue" value="2.27"/>
          <property name="Exif/DateTime" value="2018:06:21 11:22:07"/>
          <property name="Exif/DateTimeOriginal" value="2018:06:21 11:22:07"/>
          <property name="Exif/ExposureTime" value="0.00448430493273543"/>
          <property name="Exif/FNumber" value="2.2"/>
          <property name="Exif/FocalLength" value="3.8"/>
          <property name="Exif/FocalLengthIn35mmFilm" value="0"/>
          <property name="Exif/ISOSpeedRatings" value="50"/>
          <property name="Exif/Make" value="HUAWEI"/>
          <property name="Exif/Model" value="HUAWEI CAZ-AL10"/>
          <property name="Exif/ShutterSpeedValue" value="7.842"/>
          <property name="File/ImageHeight" value="4032"/>
          <property name="File/ImageWidth" value="3016"/>
          <property name="System/FileModifyDate" value="2018:06:21 11:22:07"/>
          <property name="System/FileSize" value="5512542"/>
        </meta>
      </photo>
    </camera>
    <camera camera_id="64">
      <photo path="D:/emmm/e/IMG_20180621_112209.jpg">
        <meta>
          <property name="Exif/ApertureValue" value="2.27"/>
          <property name="Exif/DateTime" value="2018:06:21 11:22:09"/>
          <property name="Exif/DateTimeOriginal" value="2018:06:21 11:22:09"/>
          <property name="Exif/ExposureTime" value="0.00531914893617021"/>
          <property name="Exif/FNumber" value="2.2"/>
          <property name="Exif/FocalLength" value="3.8"/>
          <property name="Exif/FocalLengthIn35mmFilm" value="0"/>
          <property name="Exif/ISOSpeedRatings" value="50"/>
          <property name="Exif/Make" value="HUAWEI"/>
          <property name="Exif/Model" value="HUAWEI CAZ-AL10"/>
          <property name="Exif/ShutterSpeedValue" value="7.554"/>
          <property name="File/ImageHeight" value="4032"/>
          <property name="File/ImageWidth" value="3016"/>
          <property name="System/FileModifyDate" value="2018:06:21 11:22:09"/>
          <property name="System/FileSize" value="5404751"/>
        </meta>
      </photo>
    </camera>
    <camera camera_id="65">
      <photo path="D:/emmm/e/IMG_20180621_112210.jpg">
        <meta>
          <property name="Exif/ApertureValue" value="2.27"/>
          <property name="Exif/DateTime" value="2018:06:21 11:22:10"/>
          <property name="Exif/DateTimeOriginal" value="2018:06:21 11:22:10"/>
          <property name="Exif/ExposureTime" value="0.00546448087431694"/>
          <property name="Exif/FNumber" value="2.2"/>
          <property name="Exif/FocalLength" value="3.8"/>
          <property name="Exif/FocalLengthIn35mmFilm" value="0"/>
          <property name="Exif/ISOSpeedRatings" value="50"/>
          <property name="Exif/Make" value="HUAWEI"/>
          <property name="Exif/Model" value="HUAWEI CAZ-AL10"/>
          <property name="Exif/ShutterSpeedValue" value="7.512"/>
          <property name="File/ImageHeight" value="4032"/>
          <property name="File/ImageWidth" value="3016"/>
          <property name="System/FileModifyDate" value="2018:06:21 11:22:10"/>
          <property name="System/FileSize" value="4537616"/>
        </meta>
      </photo>
    </camera>
    <camera camera_id="66">
      <photo path="D:/emmm/e/IMG_20180621_112211.jpg">
        <meta>
          <property name="Exif/ApertureValue" value="2.27"/>
          <property name="Exif/DateTime" value="2018:06:21 11:22:11"/>
          <property name="Exif/DateTimeOriginal" value="2018:06:21 11:22:11"/>
          <property name="Exif/ExposureTime" value="0.0048780487804878"/>
          <property name="Exif/FNumber" value="2.2"/>
          <property name="Exif/FocalLength" value="3.8"/>
          <property name="Exif/FocalLengthIn35mmFilm" value="0"/>
          <property name="Exif/ISOSpeedRatings" value="50"/>
          <property name="Exif/Make" value="HUAWEI"/>
          <property name="Exif/Model" value="HUAWEI CAZ-AL10"/>
          <property name="Exif/ShutterSpeedValue" value="7.637"/>
          <property name="File/ImageHeight" value="4032"/>
          <property name="File/ImageWidth" value="3016"/>
          <property name="System/FileModifyDate" value="2018:06:21 11:22:12"/>
          <property name="System/FileSize" value="5050759"/>
        </meta>
      </photo>
    </camera>
    <camera camera_id="67">
      <photo path="D:/emmm/e/IMG_20180621_112213.jpg">
        <meta>
          <property name="Exif/ApertureValue" value="2.27"/>
          <property name="Exif/DateTime" value="2018:06:21 11:22:13"/>
          <property name="Exif/DateTimeOriginal" value="2018:06:21 11:22:13"/>
          <property name="Exif/ExposureTime" value="0.00364963503649635"/>
          <property name="Exif/FNumber" value="2.2"/>
          <property name="Exif/FocalLength" value="3.8"/>
          <property name="Exif/FocalLengthIn35mmFilm" value="0"/>
          <property name="Exif/ISOSpeedRatings" value="50"/>
          <property name="Exif/Make" value="HUAWEI"/>
          <property name="Exif/Model" value="HUAWEI CAZ-AL10"/>
          <property name="Exif/ShutterSpeedValue" value="8.057"/>
          <property name="File/ImageHeight" value="4032"/>
          <property name="File/ImageWidth" value="3016"/>
          <property name="System/FileModifyDate" value="2018:06:21 11:22:13"/>
          <property name="System/FileSize" value="5430580"/>
        </meta>
      </photo>
    </camera>
    <camera camera_id="68">
      <photo path="D:/emmm/e/IMG_20180621_112214.jpg">
        <meta>
          <property name="Exif/ApertureValue" value="2.27"/>
          <property name="Exif/DateTime" value="2018:06:21 11:22:14"/>
          <property name="Exif/DateTimeOriginal" value="2018:06:21 11:22:14"/>
          <property name="Exif/ExposureTime" value="0.000930232558139535"/>
          <property name="Exif/FNumber" value="2.2"/>
          <property name="Exif/FocalLength" value="3.8"/>
          <property name="Exif/FocalLengthIn35mmFilm" value="0"/>
          <property name="Exif/ISOSpeedRatings" value="50"/>
          <property name="Exif/Make" value="HUAWEI"/>
          <property name="Exif/Model" value="HUAWEI CAZ-AL10"/>
          <property name="Exif/ShutterSpeedValue" value="10.069"/>
          <property name="File/ImageHeight" value="4032"/>
          <property name="File/ImageWidth" value="3016"/>
          <property name="System/FileModifyDate" value="2018:06:21 11:22:15"/>
          <property name="System/FileSize" value="5246522"/>
        </meta>
      </photo>
    </camera>
    <camera camera_id="69">
      <photo path="D:/emmm/e/IMG_20180621_112215.jpg">
        <meta>
          <property name="Exif/ApertureValue" value="2.27"/>
          <property name="Exif/DateTime" value="2018:06:21 11:22:15"/>
          <property name="Exif/DateTimeOriginal" value="2018:06:21 11:22:15"/>
          <property name="Exif/ExposureTime" value="0.00173310225303293"/>
          <property name="Exif/FNumber" value="2.2"/>
          <property name="Exif/FocalLength" value="3.8"/>
          <property name="Exif/FocalLengthIn35mmFilm" value="0"/>
          <property name="Exif/ISOSpeedRatings" value="50"/>
          <property name="Exif/Make" value="HUAWEI"/>
          <property name="Exif/Model" value="HUAWEI CAZ-AL10"/>
          <property name="Exif/ShutterSpeedValue" value="9.045"/>
          <property name="File/ImageHeight" value="4032"/>
          <property name="File/ImageWidth" value="3016"/>
          <property name="System/FileModifyDate" value="2018:06:21 11:22:16"/>
          <property name="System/FileSize" value="5582226"/>
        </meta>
      </photo>
    </camera>
    <camera camera_id="70">
      <photo path="D:/emmm/e/IMG_20180621_112216.jpg">
        <meta>
          <property name="Exif/ApertureValue" value="2.27"/>
          <property name="Exif/DateTime" value="2018:06:21 11:22:16"/>
          <property name="Exif/DateTimeOriginal" value="2018:06:21 11:22:16"/>
          <property name="Exif/ExposureTime" value="0.00136425648021828"/>
          <property name="Exif/FNumber" value="2.2"/>
          <property name="Exif/FocalLength" value="3.8"/>
          <property name="Exif/FocalLengthIn35mmFilm" value="0"/>
          <property name="Exif/ISOSpeedRatings" value="50"/>
          <property name="Exif/Make" value="HUAWEI"/>
          <property name="Exif/Model" value="HUAWEI CAZ-AL10"/>
          <property name="Exif/ShutterSpeedValue" value="9.517"/>
          <property name="File/ImageHeight" value="4032"/>
          <property name="File/ImageWidth" value="3016"/>
          <property name="System/FileModifyDate" value="2018:06:21 11:22:17"/>
          <property name="System/FileSize" value="5644403"/>
        </meta>
      </photo>
    </camera>
    <camera camera_id="71">
      <photo path="D:/emmm/e/IMG_20180621_112217.jpg">
        <meta>
          <property name="Exif/ApertureValue" value="2.27"/>
          <property name="Exif/DateTime" value="2018:06:21 11:22:17"/>
          <property name="Exif/DateTimeOriginal" value="2018:06:21 11:22:17"/>
          <property name="Exif/ExposureTime" value="0.00099403578528827"/>
          <property name="Exif/FNumber" value="2.2"/>
          <property name="Exif/FocalLength" value="3.8"/>
          <property name="Exif/FocalLengthIn35mmFilm" value="0"/>
          <property name="Exif/ISOSpeedRatings" value="50"/>
          <property name="Exif/Make" value="HUAWEI"/>
          <property name="Exif/Model" value="HUAWEI CAZ-AL10"/>
          <property name="Exif/ShutterSpeedValue" value="9.943"/>
          <property name="File/ImageHeight" value="4032"/>
          <property name="File/ImageWidth" value="3016"/>
          <property name="System/FileModifyDate" value="2018:06:21 11:22:17"/>
          <property name="System/FileSize" value="4949048"/>
        </meta>
      </photo>
    </camera>
    <camera camera_id="72">
      <photo path="D:/emmm/e/IMG_20180621_112218.jpg">
        <meta>
          <property name="Exif/ApertureValue" value="2.27"/>
          <property name="Exif/DateTime" value="2018:06:21 11:22:18"/>
          <property name="Exif/DateTimeOriginal" value="2018:06:21 11:22:18"/>
          <property name="Exif/ExposureTime" value="0.00099403578528827"/>
          <property name="Exif/FNumber" value="2.2"/>
          <property name="Exif/FocalLength" value="3.8"/>
          <property name="Exif/FocalLengthIn35mmFilm" value="0"/>
          <property name="Exif/ISOSpeedRatings" value="50"/>
          <property name="Exif/Make" value="HUAWEI"/>
          <property name="Exif/Model" value="HUAWEI CAZ-AL10"/>
          <property name="Exif/ShutterSpeedValue" value="9.856"/>
          <property name="File/ImageHeight" value="4032"/>
          <property name="File/ImageWidth" value="3016"/>
          <property name="System/FileModifyDate" value="2018:06:21 11:22:19"/>
          <property name="System/FileSize" value="5137759"/>
        </meta>
      </photo>
    </camera>
    <camera camera_id="73">
      <photo path="D:/emmm/e/IMG_20180621_112223.jpg">
        <meta>
          <property name="Exif/ApertureValue" value="2.27"/>
          <property name="Exif/DateTime" value="2018:06:21 11:22:24"/>
          <property name="Exif/DateTimeOriginal" value="2018:06:21 11:22:24"/>
          <property name="Exif/ExposureTime" value="0.000825082508250825"/>
          <property name="Exif/FNumber" value="2.2"/>
          <property name="Exif/FocalLength" value="3.8"/>
          <property name="Exif/FocalLengthIn35mmFilm" value="0"/>
          <property name="Exif/ISOSpeedRatings" value="50"/>
          <property name="Exif/Make" value="HUAWEI"/>
          <property name="Exif/Model" value="HUAWEI CAZ-AL10"/>
          <property name="Exif/ShutterSpeedValue" value="10.243"/>
          <property name="File/ImageHeight" value="4032"/>
          <property name="File/ImageWidth" value="3016"/>
          <property name="System/FileModifyDate" value="2018:06:21 11:22:25"/>
          <property name="System/FileSize" value="4463203"/>
        </meta>
      </photo>
    </camera>
    <camera camera_id="74">
      <photo path="D:/emmm/e/IMG_20180621_112229.jpg">
        <meta>
          <property name="Exif/ApertureValue" value="2.27"/>
          <property name="Exif/DateTime" value="2018:06:21 11:22:30"/>
          <property name="Exif/DateTimeOriginal" value="2018:06:21 11:22:30"/>
          <property name="Exif/ExposureTime" value="0.00099403578528827"/>
          <property name="Exif/FNumber" value="2.2"/>
          <property name="Exif/FocalLength" value="3.8"/>
          <property name="Exif/FocalLengthIn35mmFilm" value="0"/>
          <property name="Exif/ISOSpeedRatings" value="50"/>
          <property name="Exif/Make" value="HUAWEI"/>
          <property name="Exif/Model" value="HUAWEI CAZ-AL10"/>
          <property name="Exif/ShutterSpeedValue" value="9.974"/>
          <property name="File/ImageHeight" value="4032"/>
          <property name="File/ImageWidth" value="3016"/>
          <property name="System/FileModifyDate" value="2018:06:21 11:22:31"/>
          <property name="System/FileSize" value="4182825"/>
        </meta>
      </photo>
    </camera>
    <camera camera_id="75">
      <photo path="D:/emmm/e/IMG_20180621_112235.jpg">
        <meta>
          <property name="Exif/ApertureValue" value="2.27"/>
          <property name="Exif/DateTime" value="2018:06:21 11:22:35"/>
          <property name="Exif/DateTimeOriginal" value="2018:06:21 11:22:35"/>
          <property name="Exif/ExposureTime" value="0.00140646976090014"/>
          <property name="Exif/FNumber" value="2.2"/>
          <property name="Exif/FocalLength" value="3.8"/>
          <property name="Exif/FocalLengthIn35mmFilm" value="0"/>
          <property name="Exif/ISOSpeedRatings" value="50"/>
          <property name="Exif/Make" value="HUAWEI"/>
          <property name="Exif/Model" value="HUAWEI CAZ-AL10"/>
          <property name="Exif/ShutterSpeedValue" value="9.42"/>
          <property name="File/ImageHeight" value="4032"/>
          <property name="File/ImageWidth" value="3016"/>
          <property name="System/FileModifyDate" value="2018:06:21 11:22:35"/>
          <property name="System/FileSize" value="4730370"/>
        </meta>
      </photo>
    </camera>
    <camera camera_id="76">
      <photo path="D:/emmm/e/IMG_20180621_112245.jpg">
        <meta>
          <property name="Exif/ApertureValue" value="2.27"/>
          <property name="Exif/DateTime" value="2018:06:21 11:22:45"/>
          <property name="Exif/DateTimeOriginal" value="2018:06:21 11:22:45"/>
          <property name="Exif/ExposureTime" value="0.00200803212851406"/>
          <property name="Exif/FNumber" value="2.2"/>
          <property name="Exif/FocalLength" value="3.8"/>
          <property name="Exif/FocalLengthIn35mmFilm" value="0"/>
          <property name="Exif/ISOSpeedRatings" value="50"/>
          <property name="Exif/Make" value="HUAWEI"/>
          <property name="Exif/Model" value="HUAWEI CAZ-AL10"/>
          <property name="Exif/ShutterSpeedValue" value="8.87"/>
          <property name="File/ImageHeight" value="4032"/>
          <property name="File/ImageWidth" value="3016"/>
          <property name="System/FileModifyDate" value="2018:06:21 11:22:46"/>
          <property name="System/FileSize" value="5859706"/>
        </meta>
      </photo>
    </camera>
    <camera camera_id="77">
      <photo path="D:/emmm/e/IMG_20180621_112252.jpg">
        <meta>
          <property name="Exif/ApertureValue" value="2.27"/>
          <property name="Exif/DateTime" value="2018:06:21 11:22:52"/>
          <property name="Exif/DateTimeOriginal" value="2018:06:21 11:22:52"/>
          <property name="Exif/ExposureTime" value="0.00163934426229508"/>
          <property name="Exif/FNumber" value="2.2"/>
          <property name="Exif/FocalLength" value="3.8"/>
          <property name="Exif/FocalLengthIn35mmFilm" value="0"/>
          <property name="Exif/ISOSpeedRatings" value="50"/>
          <property name="Exif/Make" value="HUAWEI"/>
          <property name="Exif/Model" value="HUAWEI CAZ-AL10"/>
          <property name="Exif/ShutterSpeedValue" value="9.252"/>
          <property name="File/ImageHeight" value="4032"/>
          <property name="File/ImageWidth" value="3016"/>
          <property name="System/FileModifyDate" value="2018:06:21 11:22:52"/>
          <property name="System/FileSize" value="7009277"/>
        </meta>
      </photo>
    </camera>
    <camera camera_id="78">
      <photo path="D:/emmm/e/IMG_20180621_112258.jpg">
        <meta>
          <property name="Exif/ApertureValue" value="2.27"/>
          <property name="Exif/DateTime" value="2018:06:21 11:22:58"/>
          <property name="Exif/DateTimeOriginal" value="2018:06:21 11:22:58"/>
          <property name="Exif/ExposureTime" value="0.00168067226890756"/>
          <property name="Exif/FNumber" value="2.2"/>
          <property name="Exif/FocalLength" value="3.8"/>
          <property name="Exif/FocalLengthIn35mmFilm" value="0"/>
          <property name="Exif/ISOSpeedRatings" value="50"/>
          <property name="Exif/Make" value="HUAWEI"/>
          <property name="Exif/Model" value="HUAWEI CAZ-AL10"/>
          <property name="Exif/ShutterSpeedValue" value="9.216"/>
          <property name="File/ImageHeight" value="4032"/>
          <property name="File/ImageWidth" value="3016"/>
          <property name="System/FileModifyDate" value="2018:06:21 11:22:58"/>
          <property name="System/FileSize" value="6170962"/>
        </meta>
      </photo>
    </camera>
    <camera camera_id="79">
      <photo path="D:/emmm/e/IMG_20180621_112301.jpg">
        <meta>
          <property name="Exif/ApertureValue" value="2.27"/>
          <property name="Exif/DateTime" value="2018:06:21 11:23:01"/>
          <property name="Exif/DateTimeOriginal" value="2018:06:21 11:23:01"/>
          <property name="Exif/ExposureTime" value="0.00173310225303293"/>
          <property name="Exif/FNumber" value="2.2"/>
          <property name="Exif/FocalLength" value="3.8"/>
          <property name="Exif/FocalLengthIn35mmFilm" value="0"/>
          <property name="Exif/ISOSpeedRatings" value="50"/>
          <property name="Exif/Make" value="HUAWEI"/>
          <property name="Exif/Model" value="HUAWEI CAZ-AL10"/>
          <property name="Exif/ShutterSpeedValue" value="8.997"/>
          <property name="File/ImageHeight" value="4032"/>
          <property name="File/ImageWidth" value="3016"/>
          <property name="System/FileModifyDate" value="2018:06:21 11:23:01"/>
          <property name="System/FileSize" value="4631008"/>
        </meta>
      </photo>
    </camera>
    <camera camera_id="80">
      <photo path="D:/emmm/e/IMG_20180621_112304.jpg">
        <meta>
          <property name="Exif/ApertureValue" value="2.27"/>
          <property name="Exif/DateTime" value="2018:06:21 11:23:04"/>
          <property name="Exif/DateTimeOriginal" value="2018:06:21 11:23:04"/>
          <property name="Exif/ExposureTime" value="0.00158730158730159"/>
          <property name="Exif/FNumber" value="2.2"/>
          <property name="Exif/FocalLength" value="3.8"/>
          <property name="Exif/FocalLengthIn35mmFilm" value="0"/>
          <property name="Exif/ISOSpeedRatings" value="50"/>
          <property name="Exif/Make" value="HUAWEI"/>
          <property name="Exif/Model" value="HUAWEI CAZ-AL10"/>
          <property name="Exif/ShutterSpeedValue" value="9.3"/>
          <property name="File/ImageHeight" value="4032"/>
          <property name="File/ImageWidth" value="3016"/>
          <property name="System/FileModifyDate" value="2018:06:21 11:23:05"/>
          <property name="System/FileSize" value="4041556"/>
        </meta>
      </photo>
    </camera>
    <camera camera_id="81">
      <photo path="D:/emmm/e/IMG_20180621_112310.jpg">
        <meta>
          <property name="Exif/ApertureValue" value="2.27"/>
          <property name="Exif/DateTime" value="2018:06:21 11:23:11"/>
          <property name="Exif/DateTimeOriginal" value="2018:06:21 11:23:11"/>
          <property name="Exif/ExposureTime" value="0.00168067226890756"/>
          <property name="Exif/FNumber" value="2.2"/>
          <property name="Exif/FocalLength" value="3.8"/>
          <property name="Exif/FocalLengthIn35mmFilm" value="0"/>
          <property name="Exif/ISOSpeedRatings" value="50"/>
          <property name="Exif/Make" value="HUAWEI"/>
          <property name="Exif/Model" value="HUAWEI CAZ-AL10"/>
          <property name="Exif/ShutterSpeedValue" value="9.216"/>
          <property name="File/ImageHeight" value="4032"/>
          <property name="File/ImageWidth" value="3016"/>
          <property name="System/FileModifyDate" value="2018:06:21 11:23:12"/>
          <property name="System/FileSize" value="4984805"/>
        </meta>
      </photo>
    </camera>
  </cameras>
  <thumbnails path="thumbnails/thumbnails.zip"/>
  <point_cloud path="point_cloud/point_cloud.zip"/>
  <dense_cloud path="dense_cloud/dense_cloud.zip"/>
  <model path="model/model.zip"/>
</frame>
